mean_fit_time,std_fit_time,mean_score_time,std_score_time,param_clf__activation,param_clf__early_stopping,param_clf__hidden_layer_sizes,param_clf__learning_rate,param_clf__learning_rate_init,param_clf__max_iter,param_clf__n_iter_no_change,param_clf__shuffle,params,split0_test_score,split1_test_score,split2_test_score,split3_test_score,split4_test_score,mean_test_score,std_test_score,rank_test_score,split0_train_score,split1_train_score,split2_train_score,split3_train_score,split4_train_score,mean_train_score,std_train_score
166.0081268787384,4.274868076885997,0.011176681518554688,0.0019712248491126267,relu,False,"(2048,)",adaptive,0.0001,1000,20,True,"{'clf__activation': 'relu', 'clf__early_stopping': False, 'clf__hidden_layer_sizes': (2048,), 'clf__learning_rate': 'adaptive', 'clf__learning_rate_init': 0.0001, 'clf__max_iter': 1000, 'clf__n_iter_no_change': 20, 'clf__shuffle': True}",0.48404946071996663,0.5123320289711856,0.5131107475976948,0.5408599904766295,0.4933459135341079,0.5087396282599169,0.019546357830954795,1,0.9790525736287239,0.9662239797973331,0.972304050634697,0.9837651184271078,0.9790393013125356,0.9760770047600793,0.006132757723286158
74.90034656524658,2.1375673983116177,0.005767536163330078,0.0005825739592766514,relu,False,"(1024,)",invscaling,0.0001,1000,20,True,"{'clf__activation': 'relu', 'clf__early_stopping': False, 'clf__hidden_layer_sizes': (1024,), 'clf__learning_rate': 'invscaling', 'clf__learning_rate_init': 0.0001, 'clf__max_iter': 1000, 'clf__n_iter_no_change': 20, 'clf__shuffle': True}",0.5088868040942559,0.5114699748810182,0.5359165101743568,0.5130923868440349,0.4710538747413994,0.508083910147013,0.020895320329303874,2,0.9539671386296251,0.9615220514939641,0.9519712400541888,0.9695795904717798,0.9587962520604081,0.9591672545419933,0.006211654868903023
68.89105043411254,2.506824846964225,0.01290273666381836,0.001320985009622632,relu,False,"(2048,)",adaptive,0.001,1000,20,True,"{'clf__activation': 'relu', 'clf__early_stopping': False, 'clf__hidden_layer_sizes': (2048,), 'clf__learning_rate': 'adaptive', 'clf__learning_rate_init': 0.001, 'clf__max_iter': 1000, 'clf__n_iter_no_change': 20, 'clf__shuffle': True}",0.47889528205975507,0.5228551041089935,0.5351569517755793,0.5401558107234458,0.45388658928160125,0.5061899475898749,0.03391499576421786,3,0.9695684728273865,0.9723241136721853,0.9783975714987311,0.977046574793993,0.9743654453746016,0.9743404356333795,0.003181865784305156
40.95038175582886,0.6528190925083501,0.006569766998291015,0.00017208745847451052,relu,False,"(1024,)",invscaling,0.001,1000,20,True,"{'clf__activation': 'relu', 'clf__early_stopping': False, 'clf__hidden_layer_sizes': (1024,), 'clf__learning_rate': 'invscaling', 'clf__learning_rate_init': 0.001, 'clf__max_iter': 1000, 'clf__n_iter_no_change': 20, 'clf__shuffle': True}",0.48144537810320986,0.5290229951147566,0.5171521246984775,0.5465915033205591,0.45455434663388133,0.5057532695741769,0.03332080028574789,4,0.9763314024027372,0.9716229970720063,0.9749872255133631,0.9803973588022891,0.9817684202658693,0.977021480811253,0.003679348200590929
74.29791293144226,2.585225152730786,0.0054166316986083984,0.0004938142738887215,relu,False,"(1024,)",constant,0.0001,1000,20,True,"{'clf__activation': 'relu', 'clf__early_stopping': False, 'clf__hidden_layer_sizes': (1024,), 'clf__learning_rate': 'constant', 'clf__learning_rate_init': 0.0001, 'clf__max_iter': 1000, 'clf__n_iter_no_change': 20, 'clf__shuffle': True}",0.46845684622640194,0.5191590476114164,0.5141030213819241,0.5222514812077848,0.49980113068747867,0.5047543054230013,0.019713374810662692,5,0.9499526915167212,0.9473255193915578,0.9634274577218601,0.9628928376468824,0.9689582109470423,0.9585113434448129,0.008377062661977627
41.42852993011475,1.5598285735603912,0.007112360000610352,0.0008131149589947511,relu,False,"(1024,)",constant,0.001,1000,20,True,"{'clf__activation': 'relu', 'clf__early_stopping': False, 'clf__hidden_layer_sizes': (1024,), 'clf__learning_rate': 'constant', 'clf__learning_rate_init': 0.001, 'clf__max_iter': 1000, 'clf__n_iter_no_change': 20, 'clf__shuffle': True}",0.46944366701304807,0.5053862970770839,0.5305798925290255,0.5405680294417133,0.4758444848619123,0.5043644741845567,0.02839662747134116,6,0.9790451714796037,0.9709629981248146,0.9689253440953095,0.973008197677824,0.9783565565364726,0.9740596535828049,0.004009357358768229
77.10030827522277,3.3563473528808476,0.007181739807128907,0.0012356941755843481,relu,False,"(256, 512, 256)",adaptive,0.0001,1000,20,True,"{'clf__activation': 'relu', 'clf__early_stopping': False, 'clf__hidden_layer_sizes': (256, 512, 256), 'clf__learning_rate': 'adaptive', 'clf__learning_rate_init': 0.0001, 'clf__max_iter': 1000, 'clf__n_iter_no_change': 20, 'clf__shuffle': True}",0.4723564687685334,0.5054286151232045,0.5456046904006933,0.5091721387638265,0.48521801335113596,0.5035559852814787,0.024951282812006505,7,0.9797272140327392,0.9655145394446905,0.9729896291906049,0.9810774347073995,0.9742918211867723,0.9747201277124413,0.005539082823291586
9.649646472930907,0.6679781151921504,0.0069424152374267575,0.0004459050741840223,relu,True,"(256, 512, 256)",adaptive,0.001,1000,20,True,"{'clf__activation': 'relu', 'clf__early_stopping': True, 'clf__hidden_layer_sizes': (256, 512, 256), 'clf__learning_rate': 'adaptive', 'clf__learning_rate_init': 0.001, 'clf__max_iter': 1000, 'clf__n_iter_no_change': 20, 'clf__shuffle': True}",0.4879558816158086,0.5107659741729464,0.5228020898811974,0.5050480884618532,0.48991180384102323,0.5032967675945658,0.01306762263376904,8,0.9506666281797906,0.9156506472503871,0.9329792593286999,0.9392155750000781,0.9465162040152406,0.9370056627548393,0.012281731924159458
163.65987973213197,2.8542365429157868,0.010698938369750976,0.0008888156705224982,relu,False,"(2048,)",invscaling,0.0001,1000,20,True,"{'clf__activation': 'relu', 'clf__early_stopping': False, 'clf__hidden_layer_sizes': (2048,), 'clf__learning_rate': 'invscaling', 'clf__learning_rate_init': 0.0001, 'clf__max_iter': 1000, 'clf__n_iter_no_change': 20, 'clf__shuffle': True}",0.500275561824348,0.49469540589158645,0.5126270845482664,0.5223215900384539,0.48526222461087154,0.5030363733827052,0.013092100716327562,9,0.9743170910965254,0.962800694095926,0.9682648972424431,0.98311406421664,0.9810888051554968,0.9739171103614062,0.007638054395629368
73.35846614837646,4.581799853842687,0.012788105010986327,0.00099572097527026,relu,False,"(2048,)",invscaling,0.001,1000,20,True,"{'clf__activation': 'relu', 'clf__early_stopping': False, 'clf__hidden_layer_sizes': (2048,), 'clf__learning_rate': 'invscaling', 'clf__learning_rate_init': 0.001, 'clf__max_iter': 1000, 'clf__n_iter_no_change': 20, 'clf__shuffle': True}",0.46950486084418963,0.5182173316192678,0.5267474824807028,0.5483056615647366,0.4506668544516378,0.5026884381921068,0.03662870511457641,10,0.9722618304398175,0.9749807167085058,0.9709685515842459,0.9723661487045944,0.9716525125755575,0.9724459520025442,0.001362171762377884
134.87115135192872,3.776553408509585,0.0062847137451171875,0.00017006496017096505,relu,False,"(256, 512, 256)",adaptive,1e-05,1000,20,True,"{'clf__activation': 'relu', 'clf__early_stopping': False, 'clf__hidden_layer_sizes': (256, 512, 256), 'clf__learning_rate': 'adaptive', 'clf__learning_rate_init': 1e-05, 'clf__max_iter': 1000, 'clf__n_iter_no_change': 20, 'clf__shuffle': True}",0.5054399559827045,0.4825494227126548,0.5175929320256925,0.5027097727455982,0.4886155465481219,0.49938152600295443,0.012479287834821868,11,0.7637863342941847,0.7259018099849746,0.7305045140758774,0.7567220285532632,0.7486511653576152,0.745113170453183,0.014686451268799527
125.33641595840454,14.18515383886634,0.006059598922729492,0.0005649446514160794,relu,False,"(256, 512, 256)",invscaling,1e-05,1000,20,True,"{'clf__activation': 'relu', 'clf__early_stopping': False, 'clf__hidden_layer_sizes': (256, 512, 256), 'clf__learning_rate': 'invscaling', 'clf__learning_rate_init': 1e-05, 'clf__max_iter': 1000, 'clf__n_iter_no_change': 20, 'clf__shuffle': True}",0.5173535055807874,0.48364439711212526,0.5114690309949694,0.4966515308445902,0.4841953975323994,0.4986627724129743,0.013800328912587208,12,0.7768229969239112,0.7346792081624033,0.7391690927200263,0.7486369595002519,0.7779573404992516,0.7554531195611689,0.018473205360583975
161.27783832550048,4.267381898599243,0.010277318954467773,0.0006371899563458308,relu,False,"(2048,)",adaptive,1e-05,1000,20,True,"{'clf__activation': 'relu', 'clf__early_stopping': False, 'clf__hidden_layer_sizes': (2048,), 'clf__learning_rate': 'adaptive', 'clf__learning_rate_init': 1e-05, 'clf__max_iter': 1000, 'clf__n_iter_no_change': 20, 'clf__shuffle': True}",0.49503360876807145,0.49974305846022415,0.4952769192505802,0.5171360939196875,0.48539597028826453,0.49851713013736554,0.01042081989180348,13,0.6251214867465933,0.6297520243793784,0.6108777226715545,0.6309652023674927,0.6373932339096973,0.6268219340149432,0.008883849164916129
75.85681200027466,2.688975726283391,0.005473470687866211,0.0005766249742228427,relu,False,"(1024,)",constant,1e-05,1000,20,True,"{'clf__activation': 'relu', 'clf__early_stopping': False, 'clf__hidden_layer_sizes': (1024,), 'clf__learning_rate': 'constant', 'clf__learning_rate_init': 1e-05, 'clf__max_iter': 1000, 'clf__n_iter_no_change': 20, 'clf__shuffle': True}",0.4949722498278007,0.49129596562454,0.502010236375123,0.5189489054526276,0.48237159273673685,0.49791979000336556,0.012274077796956552,14,0.5975047520463436,0.598785370329649,0.5926145535933363,0.57699054667558,0.596845632196779,0.5925481709683376,0.008049628626875267
74.39603281021118,2.1880552677513747,0.0053694725036621095,0.00017525672160120218,relu,False,"(1024,)",adaptive,0.0001,1000,20,True,"{'clf__activation': 'relu', 'clf__early_stopping': False, 'clf__hidden_layer_sizes': (1024,), 'clf__learning_rate': 'adaptive', 'clf__learning_rate_init': 0.0001, 'clf__max_iter': 1000, 'clf__n_iter_no_change': 20, 'clf__shuffle': True}",0.4824600407628452,0.5052265984826759,0.5086184929335211,0.515027081886573,0.47815521039173803,0.4978974848914707,0.014765846378263215,15,0.9648194444255948,0.9452377030665662,0.9514006676900141,0.9648323243987974,0.9608275036989713,0.9574235286559887,0.007822353482607413
161.52462229728698,4.374622210108276,0.009672164916992188,0.00044395017035915677,relu,False,"(2048,)",constant,0.0001,1000,20,True,"{'clf__activation': 'relu', 'clf__early_stopping': False, 'clf__hidden_layer_sizes': (2048,), 'clf__learning_rate': 'constant', 'clf__learning_rate_init': 0.0001, 'clf__max_iter': 1000, 'clf__n_iter_no_change': 20, 'clf__shuffle': True}",0.4618413386631691,0.5066440567252898,0.5194136058817953,0.5290763944839261,0.47218696919272746,0.49783247298938155,0.026353844312676178,16,0.9750036236483981,0.9777291638810937,0.9810895750990399,0.9810959695323541,0.9810886799513845,0.979201402422454,0.002470029555301234
22.523919820785522,5.097415255497683,0.01222372055053711,0.0028188168452954582,relu,True,"(2048,)",constant,0.001,1000,20,True,"{'clf__activation': 'relu', 'clf__early_stopping': True, 'clf__hidden_layer_sizes': (2048,), 'clf__learning_rate': 'constant', 'clf__learning_rate_init': 0.001, 'clf__max_iter': 1000, 'clf__n_iter_no_change': 20, 'clf__shuffle': True}",0.48080617633756184,0.5108956097843641,0.520857782300336,0.49550853785364796,0.4807371637300094,0.4977610540011839,0.01605197781766854,17,0.9467426094442444,0.7548832252540656,0.9084779810145638,0.9318146086689904,0.9042493124307893,0.8892335473625307,0.06894384596368822
138.14787921905517,4.15788279999241,0.006378650665283203,0.00044099420385992894,relu,False,"(256, 512, 256)",constant,1e-05,1000,20,True,"{'clf__activation': 'relu', 'clf__early_stopping': False, 'clf__hidden_layer_sizes': (256, 512, 256), 'clf__learning_rate': 'constant', 'clf__learning_rate_init': 1e-05, 'clf__max_iter': 1000, 'clf__n_iter_no_change': 20, 'clf__shuffle': True}",0.48402907451505733,0.5115304255903653,0.5204954425880124,0.48757967667047125,0.4847612239736794,0.49767916866751716,0.015281608410375421,18,0.7432869551808787,0.7482248933705435,0.743825855421004,0.7502351412163709,0.7373019745632058,0.7445749639504007,0.004482769149971044
22.327864027023317,4.249391572051509,0.01086874008178711,0.0015028355186707657,relu,True,"(2048,)",adaptive,0.001,1000,20,True,"{'clf__activation': 'relu', 'clf__early_stopping': True, 'clf__hidden_layer_sizes': (2048,), 'clf__learning_rate': 'adaptive', 'clf__learning_rate_init': 0.001, 'clf__max_iter': 1000, 'clf__n_iter_no_change': 20, 'clf__shuffle': True}",0.4862011052086835,0.5016681215116215,0.5235699058926468,0.5159132060037088,0.4561180406384506,0.4966940758510222,0.02397057947133846,19,0.9284060463046877,0.9195266393400722,0.9438554075023984,0.8775578881847462,0.9479333388292499,0.9234558640322309,0.025146989658160895
75.26724438667297,2.107917824809564,0.007512426376342774,0.0011283549885403674,relu,False,"(256, 512, 256)",invscaling,0.0001,1000,20,True,"{'clf__activation': 'relu', 'clf__early_stopping': False, 'clf__hidden_layer_sizes': (256, 512, 256), 'clf__learning_rate': 'invscaling', 'clf__learning_rate_init': 0.0001, 'clf__max_iter': 1000, 'clf__n_iter_no_change': 20, 'clf__shuffle': True}",0.4669335303333859,0.5086909696456252,0.5035128171583595,0.5237228360436404,0.4799712807360929,0.4965662867834208,0.020426624131361742,20,0.977034616425108,0.9824345128257093,0.9736951159026664,0.9797325994814351,0.9709556043311175,0.9767704897932072,0.004103555314585845
67.5622543334961,4.764665962248832,0.013025236129760743,0.0010378930231564343,relu,False,"(2048,)",constant,0.001,1000,20,True,"{'clf__activation': 'relu', 'clf__early_stopping': False, 'clf__hidden_layer_sizes': (2048,), 'clf__learning_rate': 'constant', 'clf__learning_rate_init': 0.001, 'clf__max_iter': 1000, 'clf__n_iter_no_change': 20, 'clf__shuffle': True}",0.4755753203402003,0.4992707855802624,0.517502386270333,0.5133065492586687,0.4689621470289201,0.49492343769567687,0.019570311195221735,21,0.9837755973422742,0.9729447724495895,0.9656409427568076,0.9797063337379125,0.9783779916345052,0.9760891275842176,0.006268276186335896
161.70678277015685,3.4358296735672322,0.00993938446044922,0.0007657643026974695,relu,False,"(2048,)",invscaling,1e-05,1000,20,True,"{'clf__activation': 'relu', 'clf__early_stopping': False, 'clf__hidden_layer_sizes': (2048,), 'clf__learning_rate': 'invscaling', 'clf__learning_rate_init': 1e-05, 'clf__max_iter': 1000, 'clf__n_iter_no_change': 20, 'clf__shuffle': True}",0.5095433449405813,0.4715957117834898,0.5173319885247288,0.5130735913201296,0.4615951276790272,0.49462795284959143,0.023237191753857665,22,0.6344728895793164,0.6249374217859459,0.6182367988971182,0.6229880478564038,0.6321106983318291,0.6265491712901228,0.005968094602744027
17.551542615890504,0.9366147825199964,0.007158231735229492,0.0006584346361039932,relu,True,"(256, 512, 256)",invscaling,0.0001,1000,20,True,"{'clf__activation': 'relu', 'clf__early_stopping': True, 'clf__hidden_layer_sizes': (256, 512, 256), 'clf__learning_rate': 'invscaling', 'clf__learning_rate_init': 0.0001, 'clf__max_iter': 1000, 'clf__n_iter_no_change': 20, 'clf__shuffle': True}",0.510235890195459,0.48699061954826367,0.4829717357954385,0.5069913813442064,0.4823069385665448,0.4938993130899824,0.012163972556444752,23,0.7684543838090867,0.7325966499167268,0.7370753750304363,0.8000685487113219,0.7903627904001415,0.7657115495735426,0.027247889002387858
19.30187315940857,0.999538414620392,0.008196878433227538,0.0006172345541458708,relu,False,"(256, 512, 256)",invscaling,0.001,1000,20,True,"{'clf__activation': 'relu', 'clf__early_stopping': False, 'clf__hidden_layer_sizes': (256, 512, 256), 'clf__learning_rate': 'invscaling', 'clf__learning_rate_init': 0.001, 'clf__max_iter': 1000, 'clf__n_iter_no_change': 20, 'clf__shuffle': True}",0.48078529063288794,0.5066453613512436,0.5177295968091856,0.5249500737474982,0.4363576962764811,0.4932936037634593,0.032173513135504074,24,0.9763446451611204,0.9750074673186989,0.9729466863390932,0.9817494163287618,0.9790659276527697,0.9770228285600888,0.003087116288681016
18.306751441955566,6.186125429757359,0.006541204452514648,0.0002876927909691813,relu,True,"(256, 512, 256)",adaptive,0.0001,1000,20,True,"{'clf__activation': 'relu', 'clf__early_stopping': True, 'clf__hidden_layer_sizes': (256, 512, 256), 'clf__learning_rate': 'adaptive', 'clf__learning_rate_init': 0.0001, 'clf__max_iter': 1000, 'clf__n_iter_no_change': 20, 'clf__shuffle': True}",0.48734073316541116,0.4907181261064823,0.49449551011807596,0.5236623307378089,0.47002512883870096,0.4932483657932959,0.017361944611136937,25,0.8602842146834073,0.6941195571662183,0.690196355368542,0.9009458623346616,0.7379703815319906,0.776703274216964,0.08743654684140924
164.81665453910827,3.9597100533311616,0.009161281585693359,0.0003740985316874903,relu,False,"(2048,)",constant,1e-05,1000,20,True,"{'clf__activation': 'relu', 'clf__early_stopping': False, 'clf__hidden_layer_sizes': (2048,), 'clf__learning_rate': 'constant', 'clf__learning_rate_init': 1e-05, 'clf__max_iter': 1000, 'clf__n_iter_no_change': 20, 'clf__shuffle': True}",0.49508246647800874,0.4956220099735046,0.49076836889116326,0.5131527616511172,0.47156021595463765,0.4932371645896863,0.013279372629794114,26,0.6222701670941508,0.6265471842836932,0.6135621172070522,0.6183017180321102,0.6241422200741907,0.6209646813382395,0.004579404194859593
10.822456073760986,0.7692650012043136,0.003939008712768555,0.0002795186151588296,relu,False,"(124, 256, 124)",constant,0.001,1000,20,True,"{'clf__activation': 'relu', 'clf__early_stopping': False, 'clf__hidden_layer_sizes': (124, 256, 124), 'clf__learning_rate': 'constant', 'clf__learning_rate_init': 0.001, 'clf__max_iter': 1000, 'clf__n_iter_no_change': 20, 'clf__shuffle': True}",0.4734346502678558,0.5130867153852946,0.5102079861280284,0.4957831744796306,0.47284909848122136,0.49307232494840614,0.01729839628061594,27,0.9749881905135771,0.9588404960191176,0.9696127202142842,0.9810957263819856,0.9716478351353229,0.9712369936528574,0.007317735953456407
19.902967643737792,3.1485573064833168,0.010696649551391602,0.0020034531417696946,relu,True,"(2048,)",invscaling,0.001,1000,20,True,"{'clf__activation': 'relu', 'clf__early_stopping': True, 'clf__hidden_layer_sizes': (2048,), 'clf__learning_rate': 'invscaling', 'clf__learning_rate_init': 0.001, 'clf__max_iter': 1000, 'clf__n_iter_no_change': 20, 'clf__shuffle': True}",0.4463320870024621,0.509645536867451,0.5011976432607371,0.5386451138879823,0.46229508048367257,0.49162309230046103,0.03328350488295221,28,0.8809141764753103,0.932543251981592,0.9310232581759013,0.9432139384304371,0.9541047454912569,0.9283598741108996,0.02513614973863166
7.307732009887696,1.4716117045631218,0.004643392562866211,0.002431785135114526,relu,True,"(124, 256, 124)",adaptive,0.0001,1000,20,True,"{'clf__activation': 'relu', 'clf__early_stopping': True, 'clf__hidden_layer_sizes': (124, 256, 124), 'clf__learning_rate': 'adaptive', 'clf__learning_rate_init': 0.0001, 'clf__max_iter': 1000, 'clf__n_iter_no_change': 20, 'clf__shuffle': True}",0.5074458676464776,0.48535715851469324,0.5042255587547615,0.5165644348508847,0.440632983647303,0.490845200682824,0.02708313304780075,29,0.7196919234212762,0.6295863045322949,0.7111460733372523,0.6726341397019616,0.6988095200000036,0.6863735921985578,0.03253308443081792
10.539103937149047,2.3366338113280873,0.006204795837402344,0.0008545710855060684,relu,True,"(1024,)",adaptive,0.001,1000,20,True,"{'clf__activation': 'relu', 'clf__early_stopping': True, 'clf__hidden_layer_sizes': (1024,), 'clf__learning_rate': 'adaptive', 'clf__learning_rate_init': 0.001, 'clf__max_iter': 1000, 'clf__n_iter_no_change': 20, 'clf__shuffle': True}",0.47032776969397655,0.4757849597772459,0.5221516851134729,0.5278279182251987,0.4572147290334845,0.4906614123686756,0.028727801612294098,30,0.9344929513996196,0.8493758795991339,0.8816761128776394,0.9005409300623483,0.9336004770224542,0.899937270192239,0.03230354497022221
25.077806425094604,7.4161847353785575,0.006929254531860352,0.0007786486031912805,relu,True,"(256, 512, 256)",constant,0.0001,1000,20,True,"{'clf__activation': 'relu', 'clf__early_stopping': True, 'clf__hidden_layer_sizes': (256, 512, 256), 'clf__learning_rate': 'constant', 'clf__learning_rate_init': 0.0001, 'clf__max_iter': 1000, 'clf__n_iter_no_change': 20, 'clf__shuffle': True}",0.47925920043389647,0.49986101037754915,0.5154566312853034,0.4877333094676506,0.47077340121175476,0.49061671055523093,0.015706958360995036,31,0.7594643698551099,0.9242916306232777,0.7289077436989899,0.8438157862721121,0.8964210383408545,0.8305801137580688,0.07574533468708805
8.297854709625245,1.7205825622779032,0.0051177978515625,0.00021688185289099515,relu,True,"(1024,)",invscaling,0.0001,1000,20,True,"{'clf__activation': 'relu', 'clf__early_stopping': True, 'clf__hidden_layer_sizes': (1024,), 'clf__learning_rate': 'invscaling', 'clf__learning_rate_init': 0.0001, 'clf__max_iter': 1000, 'clf__n_iter_no_change': 20, 'clf__shuffle': True}",0.4939484159148411,0.49048017680742106,0.4808709231542162,0.5050233984250877,0.4789218836758452,0.4898489595954822,0.00946016593480928,32,0.556735651331679,0.5757678908851122,0.5185830638434825,0.5813636823141323,0.6150723167256844,0.5695045210200181,0.03166175089359291
9.867394876480102,1.3428739371762575,0.006188678741455078,0.0007319831745016397,relu,True,"(1024,)",invscaling,0.001,1000,20,True,"{'clf__activation': 'relu', 'clf__early_stopping': True, 'clf__hidden_layer_sizes': (1024,), 'clf__learning_rate': 'invscaling', 'clf__learning_rate_init': 0.001, 'clf__max_iter': 1000, 'clf__n_iter_no_change': 20, 'clf__shuffle': True}",0.45816896389955086,0.5344632743010538,0.4962101643008348,0.49356104863507955,0.4641775039632103,0.48931619101994583,0.027224651170538874,33,0.8507041028512641,0.937225329326156,0.932540201330504,0.8681165484390234,0.9169477524411134,0.9011067868776121,0.03513497184303236
9.516393089294434,1.725598944051042,0.006332874298095703,0.0010949275995465347,relu,True,"(1024,)",constant,0.001,1000,20,True,"{'clf__activation': 'relu', 'clf__early_stopping': True, 'clf__hidden_layer_sizes': (1024,), 'clf__learning_rate': 'constant', 'clf__learning_rate_init': 0.001, 'clf__max_iter': 1000, 'clf__n_iter_no_change': 20, 'clf__shuffle': True}",0.4868764285128138,0.4855758520013115,0.5147659012248875,0.5002770722539557,0.45667807382065284,0.48883466556272426,0.019245044060703684,34,0.9411628216143825,0.8656657876755562,0.8052458461810286,0.862363197923626,0.8765655182681922,0.8702006343325571,0.043306485700900434
40.81006088256836,3.9553414761024634,0.006624269485473633,0.00045179404548877154,relu,False,"(1024,)",adaptive,0.001,1000,20,True,"{'clf__activation': 'relu', 'clf__early_stopping': False, 'clf__hidden_layer_sizes': (1024,), 'clf__learning_rate': 'adaptive', 'clf__learning_rate_init': 0.001, 'clf__max_iter': 1000, 'clf__n_iter_no_change': 20, 'clf__shuffle': True}",0.4729074590340743,0.4627757497120479,0.518808265504672,0.5347727395782047,0.451724006690033,0.4881976441038064,0.03260870546685422,35,0.9797376349061474,0.9668859511966189,0.9736530560589713,0.9750384187845889,0.9804532589177849,0.9751536639728222,0.004893233618223483
11.104948949813842,1.9138344979908695,0.006985664367675781,0.0004910437244320395,relu,True,"(256, 512, 256)",constant,0.001,1000,20,True,"{'clf__activation': 'relu', 'clf__early_stopping': True, 'clf__hidden_layer_sizes': (256, 512, 256), 'clf__learning_rate': 'constant', 'clf__learning_rate_init': 0.001, 'clf__max_iter': 1000, 'clf__n_iter_no_change': 20, 'clf__shuffle': True}",0.474316838505027,0.4901341935583851,0.5171745966552749,0.5208805483881644,0.43816942487671734,0.4881351203967137,0.030354789317192238,36,0.927722389047119,0.9528067818153649,0.9459008500480627,0.9473241187362349,0.9540311858975258,0.9455570651088614,0.009441244116101996
17.595851993560792,0.8158901700638518,0.006772184371948242,0.0004756991539702136,relu,False,"(256, 512, 256)",adaptive,0.001,1000,20,True,"{'clf__activation': 'relu', 'clf__early_stopping': False, 'clf__hidden_layer_sizes': (256, 512, 256), 'clf__learning_rate': 'adaptive', 'clf__learning_rate_init': 0.001, 'clf__max_iter': 1000, 'clf__n_iter_no_change': 20, 'clf__shuffle': True}",0.46807525848384673,0.4977703525178773,0.503372239026792,0.5074836186160231,0.46350686014342174,0.4880416657575921,0.018483925231063365,37,0.9743140712450654,0.9723082765030118,0.9763390388671881,0.97157677187396,0.9770145655255966,0.9743105448029643,0.0021405196306113062
10.01699776649475,0.8368153996282784,0.0036399364471435547,0.00033552171507538197,relu,False,"(124, 256, 124)",invscaling,0.001,1000,20,True,"{'clf__activation': 'relu', 'clf__early_stopping': False, 'clf__hidden_layer_sizes': (124, 256, 124), 'clf__learning_rate': 'invscaling', 'clf__learning_rate_init': 0.001, 'clf__max_iter': 1000, 'clf__n_iter_no_change': 20, 'clf__shuffle': True}",0.47608658499254236,0.5171686443237393,0.5165751865624133,0.505111241880868,0.4235880774097066,0.48770594703385395,0.035356862390914935,38,0.9810862132196981,0.968952802026891,0.9676308149181817,0.979084670988713,0.9770268381421487,0.9747562678591265,0.005448138518975511
16.405275297164916,1.2885648912609198,0.006737947463989258,0.0006335340205338354,relu,False,"(256, 512, 256)",constant,0.001,1000,20,True,"{'clf__activation': 'relu', 'clf__early_stopping': False, 'clf__hidden_layer_sizes': (256, 512, 256), 'clf__learning_rate': 'constant', 'clf__learning_rate_init': 0.001, 'clf__max_iter': 1000, 'clf__n_iter_no_change': 20, 'clf__shuffle': True}",0.46704061416902365,0.46380730922947766,0.5278879146698185,0.5135210202302889,0.45875706246686143,0.48620278415309404,0.028656412277173096,39,0.9824374712611956,0.9702533208041023,0.9851321401796548,0.9824252798959305,0.9763787155657351,0.9793253855413238,0.005366526707446908
3.5870688438415526,0.826521970558199,0.002433967590332031,0.00020450168744704986,relu,True,"(100, 100, 100)",constant,0.001,1000,20,True,"{'clf__activation': 'relu', 'clf__early_stopping': True, 'clf__hidden_layer_sizes': (100, 100, 100), 'clf__learning_rate': 'constant', 'clf__learning_rate_init': 0.001, 'clf__max_iter': 1000, 'clf__n_iter_no_change': 20, 'clf__shuffle': True}",0.4860886538023494,0.4950783307960839,0.5123517081589847,0.48524961086726426,0.44742500975008376,0.48523866267495325,0.02127219432242574,40,0.9539880283766391,0.9338292597925879,0.9398267355011121,0.9044344590717649,0.885678249696098,0.9235513464876404,0.02488671227345529
21.2874804019928,4.61981014656954,0.009574556350708007,0.000790104661576935,relu,True,"(2048,)",adaptive,0.0001,1000,20,True,"{'clf__activation': 'relu', 'clf__early_stopping': True, 'clf__hidden_layer_sizes': (2048,), 'clf__learning_rate': 'adaptive', 'clf__learning_rate_init': 0.0001, 'clf__max_iter': 1000, 'clf__n_iter_no_change': 20, 'clf__shuffle': True}",0.5053440208745101,0.48364455612454954,0.47514097346217654,0.5205304363744866,0.4395869947580284,0.48484939631875024,0.027703993807537047,41,0.6505891340415836,0.6833825827304444,0.6041450349104726,0.6152569915767314,0.6107626640094391,0.6328272814537342,0.029965165077552525
72.60512309074402,2.5054027971577417,0.005568313598632813,0.00039861585484712473,relu,False,"(1024,)",invscaling,1e-05,1000,20,True,"{'clf__activation': 'relu', 'clf__early_stopping': False, 'clf__hidden_layer_sizes': (1024,), 'clf__learning_rate': 'invscaling', 'clf__learning_rate_init': 1e-05, 'clf__max_iter': 1000, 'clf__n_iter_no_change': 20, 'clf__shuffle': True}",0.4825824873548011,0.4858472173115049,0.4900009086888564,0.5017787730959912,0.46135926338332256,0.48431372996689526,0.013188085940507605,42,0.5968987531695901,0.5833715610668923,0.5889738779254846,0.5944137706189024,0.5868826962588722,0.5901081318079482,0.004934012885024927
4.268327093124389,1.3737763694907799,0.003120756149291992,7.226019936408029e-05,relu,True,"(124, 256, 124)",constant,0.001,1000,20,True,"{'clf__activation': 'relu', 'clf__early_stopping': True, 'clf__hidden_layer_sizes': (124, 256, 124), 'clf__learning_rate': 'constant', 'clf__learning_rate_init': 0.001, 'clf__max_iter': 1000, 'clf__n_iter_no_change': 20, 'clf__shuffle': True}",0.46818460752789987,0.5144793678459071,0.5254477643780656,0.45903897044418274,0.45298635749623734,0.4840274135384585,0.029939709202326747,43,0.935014956087112,0.9285007721254684,0.9190637522806587,0.9205725744286818,0.8473572135842745,0.9101018537012392,0.03189364937343401
9.583456087112427,3.427830278410806,0.005671453475952148,0.0011815923985935759,relu,True,"(1024,)",constant,0.0001,1000,20,True,"{'clf__activation': 'relu', 'clf__early_stopping': True, 'clf__hidden_layer_sizes': (1024,), 'clf__learning_rate': 'constant', 'clf__learning_rate_init': 0.0001, 'clf__max_iter': 1000, 'clf__n_iter_no_change': 20, 'clf__shuffle': True}",0.49428857650588287,0.49193575699233727,0.4565369164760524,0.5039401541321955,0.47310887203914276,0.48396205522912217,0.016966267817345414,44,0.6167052853472345,0.5895889631706442,0.5125800130989124,0.5263873639882253,0.6671145915123923,0.5824752434234817,0.057301506900477334
8.674317646026612,0.26556827859553594,0.0036215782165527344,0.0002668363013491553,relu,False,"(124, 256, 124)",adaptive,0.001,1000,20,True,"{'clf__activation': 'relu', 'clf__early_stopping': False, 'clf__hidden_layer_sizes': (124, 256, 124), 'clf__learning_rate': 'adaptive', 'clf__learning_rate_init': 0.001, 'clf__max_iter': 1000, 'clf__n_iter_no_change': 20, 'clf__shuffle': True}",0.4631753134676353,0.5024876652844306,0.5033604719858702,0.48441933358095196,0.45968502924615107,0.4826255627130078,0.018613100045340787,45,0.9783693185647955,0.9736886482932092,0.9749911263057561,0.9810877130623853,0.975691682462697,0.9767656977377687,0.002646592605058851
10.360009241104127,1.6897433854754729,0.005428886413574219,0.0006161469860194466,relu,True,"(1024,)",adaptive,0.0001,1000,20,True,"{'clf__activation': 'relu', 'clf__early_stopping': True, 'clf__hidden_layer_sizes': (1024,), 'clf__learning_rate': 'adaptive', 'clf__learning_rate_init': 0.0001, 'clf__max_iter': 1000, 'clf__n_iter_no_change': 20, 'clf__shuffle': True}",0.4820082405261399,0.46923250261195276,0.47204934196073894,0.5101313171578659,0.47698550440145226,0.48208138133163,0.014686781195435426,46,0.5873543521387036,0.60533018450879,0.5495029563430507,0.571561995862078,0.62825848074787,0.5884015939200984,0.02710321527190538
3.415132522583008,0.504603541929194,0.002248716354370117,0.00014636441810182092,relu,True,"(100, 100, 100)",adaptive,0.0001,1000,20,True,"{'clf__activation': 'relu', 'clf__early_stopping': True, 'clf__hidden_layer_sizes': (100, 100, 100), 'clf__learning_rate': 'adaptive', 'clf__learning_rate_init': 0.0001, 'clf__max_iter': 1000, 'clf__n_iter_no_change': 20, 'clf__shuffle': True}",0.48048678678434537,0.4627819973552789,0.49620355456469784,0.49146872394024216,0.47437915057410984,0.48106404264373487,0.011972605400043532,47,0.5850513681467939,0.6087495530938783,0.5463045790255091,0.5712327851090503,0.6467325436193061,0.5916141657989076,0.034185045609811456
4.931725978851318,1.0476244738784384,0.0035739898681640624,0.0009542136288634909,relu,True,"(124, 256, 124)",invscaling,0.001,1000,20,True,"{'clf__activation': 'relu', 'clf__early_stopping': True, 'clf__hidden_layer_sizes': (124, 256, 124), 'clf__learning_rate': 'invscaling', 'clf__learning_rate_init': 0.001, 'clf__max_iter': 1000, 'clf__n_iter_no_change': 20, 'clf__shuffle': True}",0.4733672218752093,0.4722747402047413,0.5025434437118627,0.48879710209266336,0.46768986986736005,0.48093447555036734,0.012934004215918308,48,0.9533157904832711,0.9230827622083252,0.9459460975589228,0.8833794655395814,0.9130882158623703,0.9237624663304942,0.02494273776708091
75.60667905807495,6.096335663724441,0.0075527667999267575,0.000837326709664504,relu,False,"(256, 512, 256)",constant,0.0001,1000,20,True,"{'clf__activation': 'relu', 'clf__early_stopping': False, 'clf__hidden_layer_sizes': (256, 512, 256), 'clf__learning_rate': 'constant', 'clf__learning_rate_init': 0.0001, 'clf__max_iter': 1000, 'clf__n_iter_no_change': 20, 'clf__shuffle': True}",0.4524204995598476,0.502964782414541,0.4985453914691344,0.4878722303880266,0.461185466768511,0.4805976741200121,0.020229257133425996,49,0.9695891020833353,0.9716177066154298,0.9777275477251666,0.9811082658595494,0.9777098760014827,0.9755504996569927,0.004273086280185276
40.25510673522949,1.742344366608872,0.003126192092895508,0.00025138551980827847,relu,False,"(124, 256, 124)",constant,1e-05,1000,20,True,"{'clf__activation': 'relu', 'clf__early_stopping': False, 'clf__hidden_layer_sizes': (124, 256, 124), 'clf__learning_rate': 'constant', 'clf__learning_rate_init': 1e-05, 'clf__max_iter': 1000, 'clf__n_iter_no_change': 20, 'clf__shuffle': True}",0.4949268964194485,0.4624922463995897,0.48894043159156997,0.4918796408006204,0.46131265061594107,0.47991037316543395,0.01482948224045228,50,0.6189589412197414,0.6234911524445735,0.6100319800253077,0.600169751576291,0.6261770111430165,0.615765767281786,0.009532931937636642
10.530507564544678,1.5320911170059142,0.007838010787963867,0.0016372568898028377,relu,True,"(256, 512, 256)",invscaling,0.001,1000,20,True,"{'clf__activation': 'relu', 'clf__early_stopping': True, 'clf__hidden_layer_sizes': (256, 512, 256), 'clf__learning_rate': 'invscaling', 'clf__learning_rate_init': 0.001, 'clf__max_iter': 1000, 'clf__n_iter_no_change': 20, 'clf__shuffle': True}",0.46133898086876407,0.47704811245126094,0.5020324883928795,0.49390182854514575,0.46387023054447457,0.4796383281605049,0.01609443436029198,51,0.9581711683153706,0.9299001133220488,0.9207783840342,0.9437896999838208,0.9486681614972728,0.9402615054305427,0.01334785760673856
39.75492100715637,0.9478571953326795,0.0030274391174316406,4.983370366086114e-05,relu,False,"(124, 256, 124)",constant,0.0001,1000,20,True,"{'clf__activation': 'relu', 'clf__early_stopping': False, 'clf__hidden_layer_sizes': (124, 256, 124), 'clf__learning_rate': 'constant', 'clf__learning_rate_init': 0.0001, 'clf__max_iter': 1000, 'clf__n_iter_no_change': 20, 'clf__shuffle': True}",0.5028825145295498,0.49905589504055053,0.4749121993791566,0.4644056599111198,0.4516292134797415,0.47857709646802365,0.019751374739132334,52,0.9790363737541742,0.9695915320897817,0.9770291065133705,0.9858101324788249,0.979091969340381,0.9781118228353064,0.005193208679853712
75.07421712875366,2.6461623894432567,0.0057983875274658205,0.0010891338503008156,relu,False,"(1024,)",adaptive,1e-05,1000,20,True,"{'clf__activation': 'relu', 'clf__early_stopping': False, 'clf__hidden_layer_sizes': (1024,), 'clf__learning_rate': 'adaptive', 'clf__learning_rate_init': 1e-05, 'clf__max_iter': 1000, 'clf__n_iter_no_change': 20, 'clf__shuffle': True}",0.49889165627464394,0.46908983873238935,0.4742927046457263,0.5032376049602951,0.44681005206921365,0.4784643713364537,0.020679785622307576,53,0.6011390957787947,0.5796496388156667,0.5817876925799861,0.5830575496569264,0.5933610702176076,0.5877990094097962,0.008172197213222848
39.621064519882204,1.4806426811990108,0.003271484375,0.0005366417109680109,relu,False,"(124, 256, 124)",adaptive,1e-05,1000,20,True,"{'clf__activation': 'relu', 'clf__early_stopping': False, 'clf__hidden_layer_sizes': (124, 256, 124), 'clf__learning_rate': 'adaptive', 'clf__learning_rate_init': 1e-05, 'clf__max_iter': 1000, 'clf__n_iter_no_change': 20, 'clf__shuffle': True}",0.49021522941488377,0.46401689715725675,0.4916193232662164,0.490214132925616,0.4538018830750572,0.477973493167806,0.01590569302970313,54,0.6168714598261784,0.5931094751046293,0.5865512196784354,0.6100466969180665,0.6244229456993388,0.6062003594453297,0.01427017373039075
16.442605876922606,2.21983727850094,0.011040019989013671,0.002798701447695985,relu,True,"(2048,)",constant,0.0001,1000,20,True,"{'clf__activation': 'relu', 'clf__early_stopping': True, 'clf__hidden_layer_sizes': (2048,), 'clf__learning_rate': 'constant', 'clf__learning_rate_init': 0.0001, 'clf__max_iter': 1000, 'clf__n_iter_no_change': 20, 'clf__shuffle': True}",0.48676498944665864,0.4719660880458287,0.4837057850995506,0.48990651980663075,0.45589091384836056,0.47764685924940586,0.0124558619090823,55,0.5517813519979469,0.6105486373654089,0.5674760484520271,0.6037338921447629,0.5782545475798709,0.5823588955080033,0.02202218428187715
3.301765727996826,0.7318567346242127,0.0026503562927246093,0.0008489819005343991,relu,True,"(100, 100, 100)",adaptive,0.001,1000,20,True,"{'clf__activation': 'relu', 'clf__early_stopping': True, 'clf__hidden_layer_sizes': (100, 100, 100), 'clf__learning_rate': 'adaptive', 'clf__learning_rate_init': 0.001, 'clf__max_iter': 1000, 'clf__n_iter_no_change': 20, 'clf__shuffle': True}",0.4397128693091321,0.4936221291895106,0.4856561974701298,0.4869870246375285,0.47901078386899676,0.4769978008950595,0.019211137068329037,56,0.9379279517280306,0.9111760655489081,0.9480099659054624,0.8967938044061559,0.8322255989033428,0.9052266772983799,0.040830011378814285
3.574728488922119,0.946535355938809,0.003420114517211914,0.001640886739693267,relu,True,"(100, 100, 100)",constant,0.0001,1000,20,True,"{'clf__activation': 'relu', 'clf__early_stopping': True, 'clf__hidden_layer_sizes': (100, 100, 100), 'clf__learning_rate': 'constant', 'clf__learning_rate_init': 0.0001, 'clf__max_iter': 1000, 'clf__n_iter_no_change': 20, 'clf__shuffle': True}",0.48502790629499654,0.46017872934664983,0.48444548386729125,0.4899641338450001,0.4630611877411794,0.4765354882190234,0.012362184705439356,57,0.645085177769893,0.5722670694146672,0.5437255827163974,0.5661915313549982,0.6552515256616739,0.596504177383526,0.044951615088306224
22.03159122467041,1.6437180989896156,0.002617168426513672,0.0006212606717566222,relu,False,"(100, 100, 100)",constant,0.0001,1000,20,True,"{'clf__activation': 'relu', 'clf__early_stopping': False, 'clf__hidden_layer_sizes': (100, 100, 100), 'clf__learning_rate': 'constant', 'clf__learning_rate_init': 0.0001, 'clf__max_iter': 1000, 'clf__n_iter_no_change': 20, 'clf__shuffle': True}",0.4497869778853397,0.5098115689406291,0.48153576579647356,0.4861224727503798,0.45224569619167104,0.47590049631289866,0.022484089150534105,58,0.9716312589861058,0.9695923442128318,0.9682611678799978,0.9736473075607703,0.9817460380534594,0.9729756233386331,0.004750817137949943
14.891943979263306,4.835273456600944,0.010476160049438476,0.0016986089019071296,relu,True,"(2048,)",invscaling,0.0001,1000,20,True,"{'clf__activation': 'relu', 'clf__early_stopping': True, 'clf__hidden_layer_sizes': (2048,), 'clf__learning_rate': 'invscaling', 'clf__learning_rate_init': 0.0001, 'clf__max_iter': 1000, 'clf__n_iter_no_change': 20, 'clf__shuffle': True}",0.4950277294186088,0.46037309816043975,0.4901448049978293,0.4742625698897846,0.4544861996098149,0.47485888041529545,0.015910258058506085,59,0.6221844495030885,0.6154924356263014,0.5862054334966578,0.47575253213376784,0.575794635537209,0.5750858972594048,0.05261601617284913
39.05495810508728,1.1419712264087651,0.0035160541534423827,0.0005495271055136151,relu,False,"(124, 256, 124)",invscaling,0.0001,1000,20,True,"{'clf__activation': 'relu', 'clf__early_stopping': False, 'clf__hidden_layer_sizes': (124, 256, 124), 'clf__learning_rate': 'invscaling', 'clf__learning_rate_init': 0.0001, 'clf__max_iter': 1000, 'clf__n_iter_no_change': 20, 'clf__shuffle': True}",0.481782741969088,0.48072963428037013,0.4753484520518615,0.4851931617308329,0.451048400747277,0.4748204781558859,0.01229938395863674,60,0.9783718582710123,0.977006641013869,0.97367634994925,0.9770430323411592,0.9771175145888453,0.9766430792328272,0.0015689096958997504
38.889649105072024,1.4340827370265135,0.003115081787109375,0.00025152157135262325,relu,False,"(124, 256, 124)",adaptive,0.0001,1000,20,True,"{'clf__activation': 'relu', 'clf__early_stopping': False, 'clf__hidden_layer_sizes': (124, 256, 124), 'clf__learning_rate': 'adaptive', 'clf__learning_rate_init': 0.0001, 'clf__max_iter': 1000, 'clf__n_iter_no_change': 20, 'clf__shuffle': True}",0.4350177186408531,0.5007854361051068,0.4873396508743928,0.48939273634457126,0.45998594794865294,0.47450429798271543,0.023862449738237847,61,0.9776972507447139,0.9689306407285228,0.9709079730056938,0.9810979418834075,0.9817585354870897,0.9760784683698855,0.0052517462902868005
40.84161648750305,1.8343285686810742,0.003283405303955078,0.00034693921239915815,relu,False,"(124, 256, 124)",invscaling,1e-05,1000,20,True,"{'clf__activation': 'relu', 'clf__early_stopping': False, 'clf__hidden_layer_sizes': (124, 256, 124), 'clf__learning_rate': 'invscaling', 'clf__learning_rate_init': 1e-05, 'clf__max_iter': 1000, 'clf__n_iter_no_change': 20, 'clf__shuffle': True}",0.48728620713731646,0.4569368195815731,0.4553916927922626,0.48139191433499073,0.4897605421624665,0.4741534352017219,0.014945647514979643,62,0.6278420175722093,0.6113960631949253,0.6059315776197622,0.6134025775641476,0.6317246078701063,0.6180593687642302,0.009955979519424002
6.6154523372650145,1.215042215888535,0.003059244155883789,6.554049983707834e-05,relu,True,"(124, 256, 124)",constant,0.0001,1000,20,True,"{'clf__activation': 'relu', 'clf__early_stopping': True, 'clf__hidden_layer_sizes': (124, 256, 124), 'clf__learning_rate': 'constant', 'clf__learning_rate_init': 0.0001, 'clf__max_iter': 1000, 'clf__n_iter_no_change': 20, 'clf__shuffle': True}",0.47937029462339115,0.48007728309585895,0.45531547756414914,0.4767211346254331,0.47877808860509136,0.47405245570278476,0.009435102110619816,63,0.7115540851389717,0.6930648094603257,0.593846355096491,0.693143741339936,0.6739257132085522,0.6731069408488553,0.04137845729236897
9.253974199295044,0.8131135664588259,0.0025548458099365233,0.00011024629779905285,relu,False,"(100, 100, 100)",constant,0.001,1000,20,True,"{'clf__activation': 'relu', 'clf__early_stopping': False, 'clf__hidden_layer_sizes': (100, 100, 100), 'clf__learning_rate': 'constant', 'clf__learning_rate_init': 0.001, 'clf__max_iter': 1000, 'clf__n_iter_no_change': 20, 'clf__shuffle': True}",0.46693459648287117,0.480669378303767,0.4879811577957034,0.48599080137582423,0.4484916036245011,0.47401350751653337,0.014726370891336346,64,0.9702800773596676,0.962851148063547,0.9756918927511029,0.9817557997188784,0.9729947190177798,0.972714727382195,0.006227368877052604
23.252755451202393,1.0388975118689054,0.002672719955444336,0.000899522700220299,relu,False,"(100, 100, 100)",invscaling,0.0001,1000,20,True,"{'clf__activation': 'relu', 'clf__early_stopping': False, 'clf__hidden_layer_sizes': (100, 100, 100), 'clf__learning_rate': 'invscaling', 'clf__learning_rate_init': 0.0001, 'clf__max_iter': 1000, 'clf__n_iter_no_change': 20, 'clf__shuffle': True}",0.4694530831301386,0.4850985320635436,0.49763957172047063,0.4644689947618984,0.4490844082296143,0.4731489179811331,0.016796941919392638,65,0.9594141419028475,0.9709888358033242,0.9715905365486507,0.9662092424266993,0.9675998538983283,0.96716052211597,0.004367730885276885
8.519032049179078,0.988963936922805,0.0025194644927978515,8.412799482144514e-05,relu,False,"(100, 100, 100)",invscaling,0.001,1000,20,True,"{'clf__activation': 'relu', 'clf__early_stopping': False, 'clf__hidden_layer_sizes': (100, 100, 100), 'clf__learning_rate': 'invscaling', 'clf__learning_rate_init': 0.001, 'clf__max_iter': 1000, 'clf__n_iter_no_change': 20, 'clf__shuffle': True}",0.4604939750523195,0.5065079391218869,0.47550644238116074,0.4902426933884479,0.43234215957400635,0.47301864190356424,0.02543947178456702,66,0.9831101445367941,0.9689156684086112,0.9702479858638317,0.9702827782709338,0.9689602822983939,0.9723033718757129,0.005435927303134132
5.315811443328857,1.1329029797377526,0.003235340118408203,0.000128539856314416,relu,True,"(124, 256, 124)",adaptive,0.001,1000,20,True,"{'clf__activation': 'relu', 'clf__early_stopping': True, 'clf__hidden_layer_sizes': (124, 256, 124), 'clf__learning_rate': 'adaptive', 'clf__learning_rate_init': 0.001, 'clf__max_iter': 1000, 'clf__n_iter_no_change': 20, 'clf__shuffle': True}",0.4693698122485423,0.4744877661019436,0.4909703306545573,0.4862009803815299,0.44178491088633737,0.47256276005458203,0.017239583942062753,67,0.9479514729786821,0.9263857461388999,0.9519785255904031,0.956057606895163,0.9215758800797704,0.9407898463365838,0.014044461925632063
24.30499138832092,1.9029089990213532,0.0030284404754638674,0.0011817862076887258,relu,False,"(100, 100, 100)",constant,1e-05,1000,20,True,"{'clf__activation': 'relu', 'clf__early_stopping': False, 'clf__hidden_layer_sizes': (100, 100, 100), 'clf__learning_rate': 'constant', 'clf__learning_rate_init': 1e-05, 'clf__max_iter': 1000, 'clf__n_iter_no_change': 20, 'clf__shuffle': True}",0.4854649568759729,0.47150825401788843,0.45382687121089066,0.516043236670287,0.43385072467861713,0.47213880869073116,0.027953128813951244,68,0.5488144261837801,0.5599321399671634,0.5376960073445534,0.5506164630721181,0.5659766921440066,0.5526071457423243,0.00972717737929523
2.9543203830718996,0.7418430193626605,0.0025799751281738283,0.0006286058983799175,relu,True,"(100, 100, 100)",invscaling,0.001,1000,20,True,"{'clf__activation': 'relu', 'clf__early_stopping': True, 'clf__hidden_layer_sizes': (100, 100, 100), 'clf__learning_rate': 'invscaling', 'clf__learning_rate_init': 0.001, 'clf__max_iter': 1000, 'clf__n_iter_no_change': 20, 'clf__shuffle': True}",0.4554613206183734,0.4856934925172818,0.5049622637771903,0.4849807563278396,0.42483592790233676,0.47118675222860434,0.028061337667025392,69,0.8156410409582612,0.9206223640929408,0.9305409182293096,0.9120364544421067,0.9277553867354433,0.9013192328916123,0.04331512301480012
9.010186386108398,0.7498318275741506,0.0025482177734375,0.00016181860819678426,relu,False,"(100, 100, 100)",adaptive,0.001,1000,20,True,"{'clf__activation': 'relu', 'clf__early_stopping': False, 'clf__hidden_layer_sizes': (100, 100, 100), 'clf__learning_rate': 'adaptive', 'clf__learning_rate_init': 0.001, 'clf__max_iter': 1000, 'clf__n_iter_no_change': 20, 'clf__shuffle': True}",0.4409674665035185,0.4912258213183404,0.47240859516735717,0.4941229312234753,0.45623749968053207,0.4709924627786446,0.02032546253625511,70,0.9790481020509954,0.970272837741117,0.9730114030902289,0.971629526459377,0.9783403374551001,0.9744604413593636,0.0035707153197976995
5.586912298202515,2.05278292666602,0.0037073135375976563,0.001044869770815977,relu,True,"(124, 256, 124)",invscaling,0.0001,1000,20,True,"{'clf__activation': 'relu', 'clf__early_stopping': True, 'clf__hidden_layer_sizes': (124, 256, 124), 'clf__learning_rate': 'invscaling', 'clf__learning_rate_init': 0.0001, 'clf__max_iter': 1000, 'clf__n_iter_no_change': 20, 'clf__shuffle': True}",0.506184045004665,0.46170476705465885,0.4821762072422555,0.48886083744843917,0.4131179586856742,0.4704087630871386,0.03199005596230656,71,0.6284681015027636,0.6913469099981691,0.6248418934837424,0.6997575121884131,0.48642935088246103,0.6261687536111098,0.07641681188383682
21.299180698394775,0.7333432753367746,0.0023091793060302734,0.000155069218047105,relu,False,"(100, 100, 100)",invscaling,1e-05,1000,20,True,"{'clf__activation': 'relu', 'clf__early_stopping': False, 'clf__hidden_layer_sizes': (100, 100, 100), 'clf__learning_rate': 'invscaling', 'clf__learning_rate_init': 1e-05, 'clf__max_iter': 1000, 'clf__n_iter_no_change': 20, 'clf__shuffle': True}",0.49014591892989795,0.4533976902830813,0.4795822742581861,0.4727084219522941,0.45124592201336244,0.4694160454873644,0.015037690605023262,72,0.5635132392653772,0.5491801346160278,0.5508666709569116,0.549138613057376,0.5662372130492102,0.5557871741889805,0.0074961734617213
2.861806869506836,0.7236518973606378,0.0026705265045166016,0.0008254510816034186,relu,True,"(100, 100, 100)",invscaling,0.0001,1000,20,True,"{'clf__activation': 'relu', 'clf__early_stopping': True, 'clf__hidden_layer_sizes': (100, 100, 100), 'clf__learning_rate': 'invscaling', 'clf__learning_rate_init': 0.0001, 'clf__max_iter': 1000, 'clf__n_iter_no_change': 20, 'clf__shuffle': True}",0.49198958740511917,0.4646237641836646,0.45122685619738523,0.5157101141791406,0.4209914422551265,0.4689083528440873,0.0327113790506346,73,0.6062137061370535,0.522333145862632,0.5819739035423667,0.5864967847831458,0.5399609584289983,0.5673956997508393,0.031200999629251595
24.535480546951295,1.0566857881284248,0.0032356739044189452,0.001889262583025095,relu,False,"(100, 100, 100)",adaptive,0.0001,1000,20,True,"{'clf__activation': 'relu', 'clf__early_stopping': False, 'clf__hidden_layer_sizes': (100, 100, 100), 'clf__learning_rate': 'adaptive', 'clf__learning_rate_init': 0.0001, 'clf__max_iter': 1000, 'clf__n_iter_no_change': 20, 'clf__shuffle': True}",0.4263754238731158,0.4845542379070258,0.5110262553157225,0.48999361431856614,0.4284585719682583,0.46808162067653775,0.03436602120940969,74,0.9770252314720236,0.9702198642357206,0.973673423324452,0.9770609587136374,0.9621425634654573,0.9720244082422582,0.005549802872746576
23.967314195632934,0.484440135940458,0.002621746063232422,0.0007803604151641372,relu,False,"(100, 100, 100)",adaptive,1e-05,1000,20,True,"{'clf__activation': 'relu', 'clf__early_stopping': False, 'clf__hidden_layer_sizes': (100, 100, 100), 'clf__learning_rate': 'adaptive', 'clf__learning_rate_init': 1e-05, 'clf__max_iter': 1000, 'clf__n_iter_no_change': 20, 'clf__shuffle': True}",0.46287221558545416,0.46507520831838495,0.4589796301488826,0.49468788227068894,0.4432767359588241,0.464978334456447,0.016697581760795346,75,0.5578270033643656,0.5752505870714127,0.5709336261528519,0.5578891472816726,0.5491288142405208,0.5622058356221648,0.009541030618408738
17.005250263214112,6.6159813393070355,0.0073318004608154295,0.0011743241357759621,relu,True,"(256, 512, 256)",adaptive,1e-05,1000,20,True,"{'clf__activation': 'relu', 'clf__early_stopping': True, 'clf__hidden_layer_sizes': (256, 512, 256), 'clf__learning_rate': 'adaptive', 'clf__learning_rate_init': 1e-05, 'clf__max_iter': 1000, 'clf__n_iter_no_change': 20, 'clf__shuffle': True}",0.450433077574868,0.4302583942933659,0.39077654570088527,0.4033206383732297,0.3261967302287997,0.4001970772342297,0.0424308682895799,76,0.4828593432943375,0.5122835941597204,0.41072839756272134,0.40535094141686234,0.3972012015005591,0.4416846955868402,0.046769159537257
18.276355075836182,3.965198531504417,0.010044527053833009,0.0007110884607108666,relu,True,"(2048,)",adaptive,1e-05,1000,20,True,"{'clf__activation': 'relu', 'clf__early_stopping': True, 'clf__hidden_layer_sizes': (2048,), 'clf__learning_rate': 'adaptive', 'clf__learning_rate_init': 1e-05, 'clf__max_iter': 1000, 'clf__n_iter_no_change': 20, 'clf__shuffle': True}",0.42627296794186903,0.38337751777279483,0.3876703704449002,0.42122603939973097,0.373642094405959,0.3984377979930508,0.021221107818325355,77,0.4371331369967201,0.40790965606441454,0.38028376538009395,0.4363685059552033,0.4613848250526497,0.4246159778898163,0.02789693733964406
19.93931574821472,11.221928053675699,0.011832809448242188,0.0018946189510489935,relu,True,"(2048,)",invscaling,1e-05,1000,20,True,"{'clf__activation': 'relu', 'clf__early_stopping': True, 'clf__hidden_layer_sizes': (2048,), 'clf__learning_rate': 'invscaling', 'clf__learning_rate_init': 1e-05, 'clf__max_iter': 1000, 'clf__n_iter_no_change': 20, 'clf__shuffle': True}",0.45937495605073275,0.4170597115782131,0.38898725538970796,0.36206859342392406,0.3408939311979503,0.39367688952810564,0.041641589914130535,78,0.479948488032266,0.4635843217514107,0.411201761225398,0.371517186279858,0.40364294731725,0.4259789409212365,0.04002554447202486
12.147454738616943,1.6793575376113554,0.013844013214111328,0.009851655543766002,relu,True,"(256, 512, 256)",invscaling,1e-05,1000,20,True,"{'clf__activation': 'relu', 'clf__early_stopping': True, 'clf__hidden_layer_sizes': (256, 512, 256), 'clf__learning_rate': 'invscaling', 'clf__learning_rate_init': 1e-05, 'clf__max_iter': 1000, 'clf__n_iter_no_change': 20, 'clf__shuffle': True}",0.42359137672366853,0.3871935584300178,0.341525755348397,0.41052985680056986,0.3630197594564213,0.3851720613518149,0.030062842650383816,79,0.4641894059347264,0.4175387018861263,0.3809495208138229,0.4272637115319343,0.43063838371550944,0.42411594477642395,0.026701809737259986
14.004848003387451,7.3011361666458985,0.014101028442382812,0.0066283554045024635,relu,True,"(2048,)",constant,1e-05,1000,20,True,"{'clf__activation': 'relu', 'clf__early_stopping': True, 'clf__hidden_layer_sizes': (2048,), 'clf__learning_rate': 'constant', 'clf__learning_rate_init': 1e-05, 'clf__max_iter': 1000, 'clf__n_iter_no_change': 20, 'clf__shuffle': True}",0.39407133445437753,0.3288172979268607,0.4437789776259772,0.4056618007504916,0.2851095535339353,0.37148779285832845,0.05689616143119496,80,0.41360739217459386,0.3354262051573003,0.46022299523696275,0.4020990605113798,0.32110362042519314,0.38649185470108594,0.05157216318024885
6.591035842895508,1.8035887367364771,0.007430171966552735,0.003959066443262272,relu,True,"(1024,)",adaptive,1e-05,1000,20,True,"{'clf__activation': 'relu', 'clf__early_stopping': True, 'clf__hidden_layer_sizes': (1024,), 'clf__learning_rate': 'adaptive', 'clf__learning_rate_init': 1e-05, 'clf__max_iter': 1000, 'clf__n_iter_no_change': 20, 'clf__shuffle': True}",0.33117268207518236,0.39204295748590223,0.3781781314650814,0.3318016137313271,0.3592425130400043,0.35848757955949945,0.024382352402716426,81,0.35830699273292216,0.4059592397049139,0.385462987171133,0.3588507861716157,0.4172176992010092,0.38515954099631877,0.023973547847953938
5.924192237854004,1.5798138657343637,0.004000473022460938,0.0008502489959828055,relu,True,"(124, 256, 124)",invscaling,1e-05,1000,20,True,"{'clf__activation': 'relu', 'clf__early_stopping': True, 'clf__hidden_layer_sizes': (124, 256, 124), 'clf__learning_rate': 'invscaling', 'clf__learning_rate_init': 1e-05, 'clf__max_iter': 1000, 'clf__n_iter_no_change': 20, 'clf__shuffle': True}",0.4026913512280114,0.34306819775932834,0.40319583252102603,0.3026807793402805,0.3403775507024675,0.35840274231022273,0.039071459549930465,82,0.4102789033053421,0.3906907678645435,0.4343038081058744,0.30482201138703774,0.378428649000375,0.38370482793263455,0.043739177960976816
6.98598804473877,1.8009273744184997,0.006106233596801758,0.0008832557742802588,relu,True,"(1024,)",invscaling,1e-05,1000,20,True,"{'clf__activation': 'relu', 'clf__early_stopping': True, 'clf__hidden_layer_sizes': (1024,), 'clf__learning_rate': 'invscaling', 'clf__learning_rate_init': 1e-05, 'clf__max_iter': 1000, 'clf__n_iter_no_change': 20, 'clf__shuffle': True}",0.3525236945217417,0.34372506985756046,0.37417473158686965,0.40277025420111096,0.312644834956107,0.357167717024678,0.030177437521452417,83,0.376591192583793,0.39215255211831246,0.40528608862194865,0.41384156716603626,0.3545034331587497,0.38847496672976806,0.021141863930961447
9.541148376464843,2.6852144754938307,0.007300233840942383,0.0008621267855537829,relu,True,"(256, 512, 256)",constant,1e-05,1000,20,True,"{'clf__activation': 'relu', 'clf__early_stopping': True, 'clf__hidden_layer_sizes': (256, 512, 256), 'clf__learning_rate': 'constant', 'clf__learning_rate_init': 1e-05, 'clf__max_iter': 1000, 'clf__n_iter_no_change': 20, 'clf__shuffle': True}",0.3674070180997069,0.3393296900530302,0.38164453823945466,0.3725350369048055,0.3157046632240917,0.3553241893042178,0.02433310357523024,84,0.41506510175603323,0.32633974722400977,0.43300642423000535,0.35586735022199273,0.36542251250553,0.3791402271875142,0.03926794361641405
4.818267393112182,1.6502258046707874,0.003215312957763672,0.00016747597646753223,relu,True,"(124, 256, 124)",constant,1e-05,1000,20,True,"{'clf__activation': 'relu', 'clf__early_stopping': True, 'clf__hidden_layer_sizes': (124, 256, 124), 'clf__learning_rate': 'constant', 'clf__learning_rate_init': 1e-05, 'clf__max_iter': 1000, 'clf__n_iter_no_change': 20, 'clf__shuffle': True}",0.3328846653617815,0.25230033964795956,0.3555752219164176,0.33240208231242074,0.370169133742482,0.3286662885962123,0.04076784483796022,85,0.38519734573357317,0.2832848267808139,0.4205874326080075,0.3543897950073939,0.40017863373058926,0.36872760677207556,0.047866277132805744
4.121913719177246,1.0987555173589671,0.005742454528808593,0.00038051308245922117,relu,True,"(1024,)",constant,1e-05,1000,20,True,"{'clf__activation': 'relu', 'clf__early_stopping': True, 'clf__hidden_layer_sizes': (1024,), 'clf__learning_rate': 'constant', 'clf__learning_rate_init': 1e-05, 'clf__max_iter': 1000, 'clf__n_iter_no_change': 20, 'clf__shuffle': True}",0.2813244771321319,0.3586605894802385,0.2997853546667449,0.29281938026899634,0.3480217550859621,0.3161223113268147,0.031138052713167958,86,0.3337625078572847,0.3858737222742361,0.30194525427388863,0.30673937653770916,0.382604647448222,0.3421851016782681,0.036025047082186866
2.665369462966919,0.9772226495041916,0.002704954147338867,0.00036817534157739857,relu,True,"(100, 100, 100)",adaptive,1e-05,1000,20,True,"{'clf__activation': 'relu', 'clf__early_stopping': True, 'clf__hidden_layer_sizes': (100, 100, 100), 'clf__learning_rate': 'adaptive', 'clf__learning_rate_init': 1e-05, 'clf__max_iter': 1000, 'clf__n_iter_no_change': 20, 'clf__shuffle': True}",0.31425341633458964,0.2670111695498932,0.35823636191162866,0.2890716474398579,0.30487112384613185,0.30668874381642025,0.03033927134382055,87,0.2994930843193171,0.2659225192738644,0.36314725248947166,0.27759957506936767,0.32389226570444574,0.3060109393712933,0.03475937165730836
2.713986873626709,0.5062479551042771,0.003168058395385742,7.304911821385388e-05,relu,True,"(124, 256, 124)",adaptive,1e-05,1000,20,True,"{'clf__activation': 'relu', 'clf__early_stopping': True, 'clf__hidden_layer_sizes': (124, 256, 124), 'clf__learning_rate': 'adaptive', 'clf__learning_rate_init': 1e-05, 'clf__max_iter': 1000, 'clf__n_iter_no_change': 20, 'clf__shuffle': True}",0.31911902969314776,0.31635840534396586,0.3087705194144164,0.2856538314695065,0.29185123589976464,0.3043506043641603,0.013323909702508251,88,0.3160227483224603,0.3263344354953839,0.3323948189362289,0.2613031119214542,0.35161064015465043,0.3175331509660355,0.03040955659237353
2.825185012817383,1.7703977720711506,0.0023193359375,0.00011676932969267703,relu,True,"(100, 100, 100)",invscaling,1e-05,1000,20,True,"{'clf__activation': 'relu', 'clf__early_stopping': True, 'clf__hidden_layer_sizes': (100, 100, 100), 'clf__learning_rate': 'invscaling', 'clf__learning_rate_init': 1e-05, 'clf__max_iter': 1000, 'clf__n_iter_no_change': 20, 'clf__shuffle': True}",0.3182713437534454,0.33129981608041936,0.37738380815487316,0.05383661051071055,0.06283797840592972,0.22872591138107565,0.14053044831845185,89,0.33313687610231013,0.3601635443952266,0.3804336160772657,0.059749194452923954,0.061386555898283963,0.2389739573852021,0.14643989013466738
1.5335615634918214,0.698760226352963,0.0028054237365722655,0.00044299487001017533,relu,True,"(100, 100, 100)",constant,1e-05,1000,20,True,"{'clf__activation': 'relu', 'clf__early_stopping': True, 'clf__hidden_layer_sizes': (100, 100, 100), 'clf__learning_rate': 'constant', 'clf__learning_rate_init': 1e-05, 'clf__max_iter': 1000, 'clf__n_iter_no_change': 20, 'clf__shuffle': True}",0.2871106425210594,0.08340614296440349,0.32319137990384794,0.20158379658225967,0.04203379203379203,0.18746515080107248,0.11002611205538536,90,0.2670537158870271,0.06483695125140125,0.3292541054433325,0.18109090122988902,0.04089813188330735,0.17662676113899145,0.11172402724166437
