,dataset,model,size,dropout,opt,lr,accuracy,f1_weighted
0,tess,vggish,2048,0.2,adamax,1e-05,0.9287410926365796,0.9287061040717902
1,tess,vggish,2048,0.2,adam,0.0001,0.9263657957244655,0.9263549922779555
2,tess,vggish,512,0.0,adamax,0.001,0.9323040380047506,0.9322785386987342
3,tess,vggish,512,0.0,adamax,1e-05,0.9275534441805225,0.9274698461290719
4,tess,vggish,2048,0.5,adamax,0.0001,0.9287410926365796,0.9287393554602146
5,tess,vggish,512,0.0,adamax,0.0001,0.9334916864608076,0.933493789630308
6,tess,vggish,2048,0.0,adam,1e-05,0.9370546318289786,0.9369649666804701
7,tess,vggish,512,0.2,adamax,0.001,0.9346793349168646,0.9346701559048591
8,tess,vggish,2048,0.0,adamax,1e-05,0.9323040380047506,0.9322289447241726
9,tess,vggish,2048,0.2,adam,0.001,0.9239904988123515,0.9236234819544327
10,tess,vggish,1024,0.2,adamax,1e-05,0.9192399049881235,0.9192985328890796
11,tess,vggish,1024,0.2,adamax,0.0001,0.9263657957244655,0.9260668379913689
12,tess,vggish,2048,0.0,adam,1e-05,0.9287410926365796,0.928607546371533
13,tess,vggish,1024,0.0,adam,0.001,0.9346793349168646,0.9346043353241009
14,tess,vggish,1024,0.2,adamax,0.001,0.9311163895486936,0.9312805235649054
15,tess,vggish,512,0.2,adam,0.0001,0.9216152019002375,0.9214390473887519
16,tess,vggish,2048,0.0,adam,0.0001,0.9346793349168646,0.9347239008959545
17,tess,vggish,1024,0.2,adam,0.0001,0.9418052256532067,0.941577744269807
18,tess,vggish,1024,0.0,adamax,0.0001,0.9311163895486936,0.9310683445433784
19,tess,vggish,2048,0.5,adamax,0.0001,0.9311163895486936,0.9310394462807245
20,tess,vggish,512,0.2,adamax,0.001,0.9311163895486936,0.9311338640457756
21,tess,vggish,2048,0.5,adam,1e-05,0.9334916864608076,0.9333185463436912
22,tess,yamnet,2048,0.5,adamax,1e-05,0.7640882044102205,0.7646418147364333
23,tess,yamnet,1024,0.2,adam,1e-05,0.7630381519075954,0.7633691850100939
24,tess,yamnet,1024,0.5,adamax,0.001,0.7714385719285964,0.7724661137943206
25,tess,yamnet,2048,0.0,adamax,0.001,0.7822891144557228,0.7839440688549653
26,tess,yamnet,512,0.0,adamax,0.0001,0.7658382919145957,0.7657882087319396
27,tess,yamnet,512,0.0,adamax,1e-05,0.7514875743787189,0.7517985505348918
28,tess,yamnet,2048,0.0,adamax,0.0001,0.7654882744137207,0.7657928689252893
29,tess,yamnet,1024,0.2,adam,0.0001,0.7640882044102205,0.7630673801410927
30,tess,yamnet,1024,0.0,adam,0.0001,0.7777388869443472,0.7776100776905126
31,tess,yamnet,1024,0.5,adam,1e-05,0.767588379418971,0.768556687009515
32,tess,yamnet,2048,0.0,adamax,0.001,0.759537976898845,0.7578381718839563
33,tess,yamnet,512,0.2,adam,0.001,0.7430871543577179,0.7440807370658364
34,tess,yamnet,2048,0.0,adamax,1e-05,0.7630381519075954,0.7633640408864808
35,tess,yamnet,2048,0.5,adamax,0.001,0.7871893594679734,0.7881182572054651
36,tess,yamnet,2048,0.0,adam,1e-05,0.7640882044102205,0.7646291917728608
37,tess,yamnet,1024,0.5,adam,0.0001,0.7647882394119706,0.7665059919541132
38,tess,yamnet,1024,0.2,adamax,0.001,0.7472873643682184,0.7492136784711014
39,tess,yamnet,1024,0.5,adam,0.0001,0.7633881694084704,0.7651566331496901
40,tess,yamnet,1024,0.0,adamax,0.001,0.744137206860343,0.744891686954136
41,tess,yamnet,512,0.5,adamax,1e-05,0.7605880294014701,0.760959301493127
42,tess,yamnet,512,0.2,adam,0.001,0.7773888694434722,0.7781527667198571
43,tess,yamnet,2048,0.5,adamax,0.001,0.7409870493524676,0.7414994601589235
44,ravdess,vggish,512,0.5,adam,0.0001,0.43956043956043955,0.44681331212130565
45,ravdess,vggish,2048,0.5,adam,0.001,0.45604395604395603,0.44361695108714083
46,ravdess,vggish,512,0.5,adamax,0.0001,0.5,0.4941887767015101
47,ravdess,vggish,2048,0.0,adam,0.001,0.44505494505494503,0.4279197415002116
48,ravdess,vggish,2048,0.0,adamax,0.0001,0.49725274725274726,0.4923298307281448
49,ravdess,vggish,512,0.2,adamax,0.0001,0.5054945054945055,0.49797857234705717
50,ravdess,vggish,1024,0.2,adam,0.0001,0.45879120879120877,0.44659797474016294
51,ravdess,vggish,512,0.2,adam,1e-05,0.4807692307692308,0.4700449531415476
52,ravdess,vggish,1024,0.0,adam,0.0001,0.49175824175824173,0.4904042954192879
53,ravdess,vggish,2048,0.0,adam,0.001,0.41208791208791207,0.3983097299631043
54,ravdess,vggish,2048,0.5,adamax,0.001,0.43956043956043955,0.44387713703766823
55,ravdess,vggish,512,0.0,adamax,1e-05,0.4532967032967033,0.44683390675898677
56,ravdess,vggish,2048,0.2,adam,0.001,0.4532967032967033,0.4448983230443809
57,ravdess,vggish,512,0.0,adamax,1e-05,0.4697802197802198,0.4659046690479692
58,ravdess,vggish,1024,0.0,adamax,1e-05,0.4642857142857143,0.45413568737116133
59,ravdess,vggish,1024,0.5,adam,0.001,0.47527472527472525,0.4439400500203667
60,ravdess,vggish,1024,0.0,adamax,0.0001,0.48626373626373626,0.4807414447841482
61,ravdess,vggish,2048,0.2,adam,0.0001,0.4697802197802198,0.46860186641185453
62,ravdess,vggish,2048,0.2,adam,0.0001,0.47527472527472525,0.47332986139578154
63,ravdess,vggish,2048,0.5,adamax,0.001,0.49175824175824173,0.47250048133028083
64,ravdess,vggish,1024,0.0,adam,0.001,0.4258241758241758,0.4324551240599402
65,ravdess,vggish,1024,0.5,adamax,1e-05,0.4725274725274725,0.4676854088332756
66,ravdess,yamnet,2048,0.2,adamax,1e-05,0.40468986384266264,0.39744971118053307
67,ravdess,yamnet,2048,0.2,adam,1e-05,0.38729198184568836,0.3802535290709033
68,ravdess,yamnet,2048,0.0,adamax,0.001,0.4031770045385779,0.3690350769954119
69,ravdess,yamnet,4096,0.0,adam,0.001,0.3804841149773071,0.3385035522301452
70,ravdess,yamnet,4096,0.0,adam,0.001,0.3978819969742814,0.36385883845527245
71,ravdess,yamnet,2048,0.0,adam,1e-05,0.3857791225416036,0.3677008555227324
72,ravdess,yamnet,2048,0.0,adamax,0.0001,0.3978819969742814,0.3639278556861008
73,ravdess,yamnet,2048,0.5,adam,0.0001,0.3903177004538578,0.35065530705518755
74,ravdess,yamnet,4096,0.0,adam,1e-05,0.39107413010590014,0.3882452764357003
75,ravdess,yamnet,2048,0.0,adam,0.001,0.3615733736762481,0.3348006473009972
76,ravdess,yamnet,2048,0.0,adamax,0.0001,0.39863842662632376,0.3932249294383436
77,ravdess,yamnet,2048,0.0,adam,0.0001,0.3903177004538578,0.35298123276525595
78,ravdess,yamnet,2048,0.5,adam,1e-05,0.39863842662632376,0.38120699875875275
79,ravdess,yamnet,4096,0.2,adam,0.001,0.3789712556732224,0.36130936492891047
80,ravdess,yamnet,2048,0.2,adamax,0.001,0.40242057488653554,0.3787590633930741
81,ravdess,yamnet,2048,0.2,adam,0.001,0.3630862329803328,0.32413547401631887
82,ravdess,yamnet,4096,0.2,adamax,0.0001,0.39334341906202724,0.38111509865604787
83,ravdess,yamnet,4096,0.5,adamax,1e-05,0.3978819969742814,0.3852050108431392
84,savee,vggish,1024,0.5,adamax,0.0001,0.45695364238410596,0.4525558410804368
85,savee,vggish,1024,0.2,adamax,1e-05,0.45364238410596025,0.45180524374209385
86,savee,vggish,1024,0.0,adamax,0.001,0.44039735099337746,0.4306020268231961
87,savee,vggish,2048,0.0,adamax,0.0001,0.4602649006622517,0.4634502638301564
88,savee,vggish,1024,0.5,adamax,0.0001,0.423841059602649,0.42501214640546264
89,savee,vggish,512,0.2,adam,0.001,0.44370860927152317,0.4149188817986628
90,savee,vggish,2048,0.0,adamax,0.0001,0.45364238410596025,0.4529184669579617
91,savee,vggish,1024,0.5,adam,0.001,0.48013245033112584,0.4264566700031771
92,savee,vggish,2048,0.0,adam,1e-05,0.44370860927152317,0.44386238446161264
93,savee,vggish,2048,0.5,adamax,1e-05,0.45364238410596025,0.4466571279362617
94,savee,vggish,2048,0.2,adam,0.001,0.4337748344370861,0.42548058472512307
95,savee,vggish,1024,0.0,adam,0.0001,0.44039735099337746,0.426698895381636
96,savee,vggish,2048,0.5,adamax,0.001,0.4370860927152318,0.429802854238457
97,savee,vggish,512,0.5,adamax,1e-05,0.44039735099337746,0.4420749297173759
98,savee,vggish,1024,0.0,adamax,0.001,0.44039735099337746,0.42852795301425617
99,savee,vggish,512,0.0,adam,0.001,0.3675496688741722,0.34998209816950904
100,savee,vggish,1024,0.5,adam,0.0001,0.44039735099337746,0.43207873818190523
101,savee,vggish,1024,0.2,adam,0.001,0.4105960264900662,0.4104209018838996
102,savee,vggish,1024,0.5,adam,0.0001,0.45364238410596025,0.44859639090981357
103,savee,vggish,512,0.0,adamax,1e-05,0.40397350993377484,0.4071166809790622
104,savee,vggish,512,0.0,adam,0.0001,0.4304635761589404,0.4243052856382442
105,savee,vggish,512,0.5,adam,0.0001,0.4105960264900662,0.4071914244586506
106,savee,yamnet,1024,0.0,adamax,1e-05,0.3149062191510365,0.3212620114214205
107,savee,yamnet,1024,0.2,adamax,0.0001,0.35241855873642647,0.33555447843288017
108,savee,yamnet,1024,0.0,adam,0.0001,0.34945705824284307,0.328106936652388
109,savee,yamnet,1024,0.5,adamax,1e-05,0.33168805528134254,0.3230778319638171
110,savee,yamnet,2048,0.0,adam,1e-05,0.32773938795656465,0.33433909107577703
111,savee,yamnet,2048,0.5,adamax,1e-05,0.32773938795656465,0.3303627519399002
112,savee,yamnet,1024,0.2,adam,0.0001,0.33070088845014806,0.32557451462995785
113,savee,yamnet,512,0.0,adam,1e-05,0.32181638696939785,0.3243253037426267
114,savee,yamnet,2048,0.0,adam,0.001,0.3455083909180652,0.3405934743655327
115,savee,yamnet,1024,0.5,adamax,0.001,0.3435340572556762,0.33845695702615053
116,savee,yamnet,1024,0.2,adamax,0.001,0.3455083909180652,0.32814372181631285
117,savee,yamnet,512,0.2,adam,1e-05,0.3395853899308983,0.3440743636749428
118,savee,yamnet,1024,0.0,adamax,0.001,0.3405725567620928,0.31214967653053544
119,savee,yamnet,1024,0.5,adam,0.0001,0.3060217176702863,0.3080094400073247
120,savee,yamnet,512,0.5,adam,0.0001,0.351431391905232,0.34380038901608073
121,savee,yamnet,1024,0.5,adam,0.001,0.36031589338598224,0.363174376583259
122,savee,yamnet,2048,0.2,adamax,0.0001,0.3425468904244817,0.34420905494239595
123,savee,yamnet,1024,0.5,adamax,0.0001,0.3543928923988154,0.3534803423337917
124,savee,yamnet,512,0.0,adamax,1e-05,0.3425468904244817,0.34476681209035753
125,savee,yamnet,1024,0.2,adam,0.001,0.3109575518262586,0.28927929695901944
126,savee,yamnet,512,0.0,adam,0.001,0.3474827245804541,0.3414452076052804
127,savee,yamnet,2048,0.5,adamax,1e-05,0.32082922013820336,0.3150868978752643
128,crema,vggish,512,0.2,adam,0.001,0.38209285187914516,0.3607918836882188
129,crema,vggish,512,0.2,adamax,0.001,0.3780397936624908,0.35512807430551124
130,crema,vggish,2048,0.5,adamax,0.0001,0.3879882092851879,0.37294151038583584
131,crema,vggish,2048,0.0,adamax,0.001,0.3857774502579219,0.3749352607657225
132,crema,vggish,1024,0.0,adamax,0.001,0.3857774502579219,0.3768509746757984
133,crema,vggish,1024,0.5,adamax,0.001,0.38246131171702286,0.38085685754985665
134,crema,vggish,1024,0.2,adam,0.001,0.38393515106853354,0.37064001517788003
135,crema,vggish,512,0.5,adamax,0.0001,0.39793662490788506,0.38839914637908074
136,crema,vggish,2048,0.0,adamax,1e-05,0.3931466470154753,0.38064820609155037
137,crema,vggish,2048,0.5,adam,1e-05,0.38872512896094324,0.3832295212396617
138,crema,vggish,512,0.5,adam,1e-05,0.38761974944731026,0.3780690256691477
139,crema,vggish,512,0.5,adamax,0.0001,0.39793662490788506,0.39075349926790864
140,crema,vggish,1024,0.5,adam,0.0001,0.38909358879882094,0.3735145424946276
141,crema,vggish,1024,0.0,adamax,1e-05,0.3865143699336772,0.3724810458372199
142,crema,vggish,1024,0.5,adamax,0.001,0.3843036109064112,0.36770821828351846
143,crema,vggish,512,0.5,adamax,0.001,0.39388356669123065,0.37810440279201524
144,crema,vggish,2048,0.2,adamax,0.001,0.38909358879882094,0.3761440626820823
145,crema,vggish,512,0.5,adam,0.001,0.37693441414885775,0.36697431116050144
146,crema,vggish,1024,0.0,adam,0.0001,0.40051584377302873,0.40012687207608977
147,crema,vggish,2048,0.0,adam,1e-05,0.3898305084745763,0.38140816119726706
148,crema,vggish,1024,0.2,adamax,0.0001,0.3909358879882093,0.37690819821608756
149,crema,vggish,1024,0.2,adam,0.0001,0.37361827560795874,0.36615584778896454
150,crema,yamnet,4096,0.5,adamax,0.0001,0.3378010242998801,0.3314879027240304
151,crema,yamnet,2048,0.0,adam,0.001,0.3373651520104609,0.3080977156937436
152,crema,yamnet,2048,0.5,adamax,0.001,0.3443391086411681,0.3047561217361906
153,crema,yamnet,4096,0.5,adamax,0.0001,0.33790999237223496,0.3269174679078551
154,crema,yamnet,4096,0.0,adam,0.001,0.3375830881551705,0.3206136857035299
155,crema,yamnet,2048,0.0,adam,0.001,0.3531655225019069,0.3330426113841438
156,crema,yamnet,4096,0.2,adam,0.001,0.34117903454287896,0.31837774175905476
157,crema,yamnet,2048,0.0,adam,0.0001,0.3356216628527841,0.32431086448055313
158,crema,yamnet,2048,0.0,adamax,0.001,0.34444807671352295,0.3125593227167724
159,crema,yamnet,2048,0.0,adamax,0.0001,0.34292252370055576,0.3176504548836675
160,crema,yamnet,4096,0.0,adamax,1e-05,0.3493516399694889,0.33588295512668764
161,crema,yamnet,4096,0.2,adam,0.001,0.32668628091969054,0.3180635712247552
162,crema,yamnet,4096,0.5,adam,1e-05,0.3458646616541353,0.3216960489636872
163,crema,yamnet,4096,0.5,adam,0.001,0.33889070502342816,0.3193652419789123
164,crema,yamnet,2048,0.2,adam,0.001,0.34226871526642694,0.32743049039903294
165,crema,yamnet,4096,0.0,adam,0.0001,0.34542878936471616,0.32088509663145637
166,crema,yamnet,4096,0.2,adamax,0.0001,0.33954451345755693,0.33295055562352943
167,crema,yamnet,4096,0.5,adamax,1e-05,0.34717227852239296,0.3348522583739536
168,subesco,vggish,1024,0.2,adamax,0.001,0.510655090765588,0.5086808631994822
169,subesco,vggish,512,0.0,adamax,1e-05,0.516179952644041,0.5077863356552714
170,subesco,vggish,1024,0.0,adamax,0.0001,0.5390686661404893,0.5372915238031122
171,subesco,vggish,512,0.0,adam,0.001,0.5418310970797159,0.5413089478040273
172,subesco,vggish,2048,0.5,adam,0.001,0.5193370165745856,0.5042695276966398
173,subesco,vggish,512,0.0,adamax,0.0001,0.5382794001578532,0.5328489718411487
174,subesco,vggish,512,0.0,adam,1e-05,0.5276243093922652,0.5225752711111774
175,subesco,vggish,512,0.5,adam,1e-05,0.5292028413575375,0.5210230494528231
176,subesco,vggish,1024,0.0,adam,0.001,0.5240726124704025,0.5137313985409598
177,subesco,vggish,1024,0.5,adamax,0.001,0.5299921073401737,0.5244469765298374
178,subesco,vggish,2048,0.2,adamax,1e-05,0.5114443567482242,0.5041045968514105
179,subesco,vggish,1024,0.5,adam,0.0001,0.5272296764009471,0.5262901257134606
180,subesco,vggish,1024,0.5,adamax,0.0001,0.5343330702446725,0.528932715207759
181,subesco,vggish,512,0.2,adam,1e-05,0.5351223362273086,0.528350931686175
182,subesco,vggish,2048,0.0,adamax,0.0001,0.5335438042620363,0.5285221174421101
183,subesco,vggish,1024,0.2,adam,1e-05,0.5292028413575375,0.5238670731563999
184,subesco,vggish,2048,0.0,adam,1e-05,0.5295974743488555,0.5244630376273313
185,subesco,vggish,2048,0.5,adam,0.0001,0.5252565114443567,0.5180804097695549
186,subesco,vggish,2048,0.0,adam,0.001,0.5209155485398579,0.5108372601879178
187,subesco,vggish,2048,0.2,adam,0.0001,0.5138121546961326,0.508404544541008
188,subesco,vggish,1024,0.2,adam,0.0001,0.5181531176006314,0.507226292238882
189,subesco,vggish,1024,0.0,adamax,1e-05,0.5185477505919495,0.5103612913383712
190,subesco,yamnet,4096,0.5,adamax,0.001,0.39769717904432933,0.37647830308430696
191,subesco,yamnet,2048,0.0,adamax,0.0001,0.38652849740932643,0.37934270184267566
192,subesco,yamnet,4096,0.5,adamax,1e-05,0.40023028209556705,0.39075548211327693
193,subesco,yamnet,4096,0.2,adamax,0.001,0.4035693724812896,0.3881856568153885
194,subesco,yamnet,4096,0.2,adam,0.0001,0.3675302245250432,0.3171100624193782
195,subesco,yamnet,2048,0.0,adam,0.0001,0.39815774323546343,0.37204238505284337
196,subesco,yamnet,4096,0.0,adam,0.0001,0.3911341393206678,0.37684301283585253
197,subesco,yamnet,4096,0.0,adamax,0.0001,0.3892918825561313,0.38064999238841385
198,subesco,yamnet,2048,0.2,adamax,0.001,0.3957397812320092,0.3729645183813596
199,subesco,yamnet,4096,0.5,adamax,1e-05,0.39424294761082324,0.381915836227638
200,subesco,yamnet,4096,0.5,adam,0.001,0.38698906160046054,0.37020443375779516
201,subesco,yamnet,2048,0.5,adam,0.001,0.3845710995970063,0.36296786411793824
202,subesco,yamnet,4096,0.5,adamax,0.001,0.3884858952216465,0.3600749369738353
203,subesco,yamnet,4096,0.0,adam,0.001,0.3807714450201497,0.3506170204217659
204,subesco,yamnet,2048,0.5,adamax,0.0001,0.38837075417386296,0.3664881734193101
205,subesco,yamnet,4096,0.0,adamax,0.0001,0.3797351755900979,0.37716467344066723
206,subesco,yamnet,2048,0.2,adam,0.001,0.37777777777777777,0.37032073204819094
207,subesco,yamnet,4096,0.2,adam,0.0001,0.38986758779504893,0.36519415996110943
208,bser,vggish,2048,0.0,adam,1e-05,0.6504559270516718,0.6484610218309481
209,bser,vggish,2048,0.5,adam,1e-05,0.6504559270516718,0.6482073431015919
210,bser,vggish,1024,0.0,adam,0.0001,0.6139817629179332,0.611085418699983
211,bser,vggish,2048,0.2,adam,0.0001,0.6534954407294833,0.6536824486633315
212,bser,vggish,2048,0.0,adam,0.0001,0.6474164133738601,0.651498590789371
213,bser,vggish,2048,0.5,adam,1e-05,0.6291793313069909,0.627267190202815
214,bser,vggish,512,0.0,adamax,0.001,0.5957446808510638,0.5933417702727704
215,bser,vggish,512,0.2,adam,1e-05,0.6443768996960486,0.6444347147741784
216,bser,vggish,2048,0.2,adamax,0.0001,0.6382978723404256,0.6374467191570964
217,bser,vggish,1024,0.5,adam,1e-05,0.6291793313069909,0.6291213750958045
218,bser,vggish,2048,0.2,adam,1e-05,0.6443768996960486,0.6462180230597845
219,bser,vggish,1024,0.0,adamax,0.001,0.5957446808510638,0.5934735538227145
220,bser,vggish,2048,0.5,adamax,1e-05,0.6231003039513677,0.621806727324888
221,bser,vggish,2048,0.2,adamax,0.001,0.6413373860182371,0.6363445928461365
222,bser,vggish,1024,0.5,adamax,0.0001,0.6534954407294833,0.6512501594552175
223,bser,vggish,1024,0.2,adam,1e-05,0.6504559270516718,0.6489596885126337
224,bser,vggish,512,0.0,adam,1e-05,0.6109422492401215,0.6110123255033579
225,bser,vggish,1024,0.2,adamax,1e-05,0.6261398176291794,0.6259962239529531
226,bser,vggish,512,0.5,adam,0.001,0.5775075987841946,0.5709638962376203
227,bser,vggish,512,0.0,adamax,0.001,0.6534954407294833,0.6373489890045592
228,bser,vggish,2048,0.0,adam,0.001,0.5531914893617021,0.5561798680857606
229,bser,vggish,512,0.5,adam,0.0001,0.6322188449848024,0.6310532364877955
230,bser,yamnet,2048,0.5,adam,0.0001,0.4646766169154229,0.4470938060175499
231,bser,yamnet,4096,0.5,adamax,1e-05,0.4736318407960199,0.467806503232639
232,bser,yamnet,4096,0.5,adamax,0.001,0.41492537313432837,0.39014585668216806
233,bser,yamnet,2048,0.2,adam,0.001,0.4368159203980099,0.4028799910225822
234,bser,yamnet,2048,0.5,adamax,0.001,0.4507462686567164,0.4302298257807052
235,bser,yamnet,4096,0.2,adam,0.001,0.42786069651741293,0.3767867398081008
236,bser,yamnet,2048,0.2,adamax,1e-05,0.481592039800995,0.47775690726540115
237,bser,yamnet,2048,0.5,adamax,0.0001,0.48059701492537316,0.47867571088533395
238,bser,yamnet,2048,0.0,adam,0.001,0.42786069651741293,0.3957108875402926
239,bser,yamnet,4096,0.5,adamax,0.001,0.45671641791044776,0.4452585320304203
240,bser,yamnet,4096,0.0,adam,0.0001,0.4786069651741294,0.4710173192921671
241,bser,yamnet,2048,0.5,adamax,0.0001,0.4577114427860697,0.4558951741606138
242,bser,yamnet,2048,0.0,adamax,1e-05,0.48656716417910445,0.48258343214411104
243,bser,yamnet,4096,0.0,adamax,1e-05,0.48855721393034823,0.4848161245245735
244,bser,yamnet,4096,0.0,adam,0.001,0.44477611940298506,0.4191980609853796
245,bser,yamnet,4096,0.2,adamax,1e-05,0.48756218905472637,0.4800578900575042
246,bser,yamnet,4096,0.0,adam,0.001,0.47960199004975124,0.4684855665310604
247,bser,yamnet,4096,0.2,adam,0.0001,0.4527363184079602,0.4223812900154454
248,all_en,vggish,2048,0.5,adam,0.001,0.48223590715300807,0.471869462090057
249,all_en,vggish,512,0.2,adamax,1e-05,0.490525817148271,0.48232653119913343
250,all_en,vggish,1024,0.5,adamax,0.001,0.5002368545712932,0.4958862261229433
251,all_en,vggish,512,0.2,adam,0.001,0.49147323543344384,0.4828195830711787
252,all_en,vggish,2048,0.5,adam,1e-05,0.5059213642823307,0.5010552559438828
253,all_en,vggish,1024,0.0,adam,0.001,0.4777356702984368,0.46681785486426836
254,all_en,vggish,2048,0.5,adamax,0.0001,0.5040265277119849,0.4950445867844077
255,all_en,vggish,512,0.5,adamax,0.0001,0.5023685457129322,0.5028160213578617
256,all_en,vggish,512,0.5,adam,0.0001,0.4973945997157745,0.49316545946035745
257,all_en,vggish,2048,0.2,adam,0.001,0.4848413074372335,0.474128381061972
258,all_en,vggish,2048,0.5,adamax,0.001,0.48957839886309806,0.4862122750402022
259,all_en,vggish,2048,0.2,adamax,1e-05,0.4966840360018948,0.4894644509363574
260,all_en,vggish,2048,0.0,adam,1e-05,0.4981051634296542,0.495256869299192
261,all_en,vggish,512,0.5,adam,1e-05,0.4888678351492184,0.48524172435827756
262,all_en,vggish,1024,0.2,adamax,1e-05,0.49313121743249644,0.4849404116279855
263,all_en,vggish,2048,0.5,adamax,1e-05,0.4876835622927522,0.4786734547219067
264,all_en,vggish,2048,0.5,adam,0.0001,0.49407863571766936,0.4881030325718251
265,all_en,vggish,512,0.5,adamax,1e-05,0.48247276172430126,0.4722431337370046
266,all_en,vggish,512,0.2,adamax,0.0001,0.4981051634296542,0.4920395725917549
267,all_en,vggish,2048,0.2,adam,0.0001,0.49028896257697774,0.4783151807494138
268,all_en,vggish,2048,0.0,adam,0.001,0.5,0.48412282487243913
269,all_en,vggish,2048,0.5,adamax,0.0001,0.502131691141639,0.4943483003459153
270,all_en,yamnet,4096,0.2,adam,0.0001,0.4113021087062426,0.4003611037053382
271,all_en,yamnet,4096,0.2,adam,1e-05,0.41137170297167513,0.4044646426789146
272,all_en,yamnet,2048,0.0,adam,0.0001,0.3968265014962767,0.38015166175792775
273,all_en,yamnet,2048,0.2,adamax,0.0001,0.4065696986568307,0.40128330553312247
274,all_en,yamnet,4096,0.2,adamax,0.0001,0.4070568585148584,0.400334467877816
275,all_en,yamnet,4096,0.5,adam,0.001,0.3996798663790104,0.37324713278300403
276,all_en,yamnet,2048,0.0,adam,0.001,0.4098406291321595,0.40415859591408476
277,all_en,yamnet,4096,0.0,adam,0.0001,0.40573456747164033,0.39589715044187224
278,all_en,yamnet,2048,0.0,adamax,0.0001,0.4103277889901872,0.40270593389708215
279,all_en,yamnet,4096,0.0,adam,0.001,0.41533857610132924,0.4011567706183173
280,all_en,yamnet,4096,0.0,adamax,0.0001,0.4119980513605679,0.40830069079781456
281,all_en,yamnet,4096,0.5,adamax,1e-05,0.4123460226877305,0.4067343321191389
282,all_en,yamnet,4096,0.5,adam,0.001,0.41151089150254017,0.40694103525238423
283,all_en,yamnet,2048,0.2,adam,0.001,0.4178439696569003,0.4071038561224243
284,all_en,yamnet,4096,0.5,adam,1e-05,0.40719604704572343,0.3984124396702693
285,all_en,yamnet,2048,0.2,adamax,1e-05,0.4039947108358271,0.39916889214739265
286,all_en,yamnet,4096,0.0,adam,0.0001,0.4166608671445473,0.4039962142788401
287,all_en,yamnet,2048,0.0,adamax,1e-05,0.4041338993666922,0.39790188862108244
288,all_bn,vggish,2048,0.5,adam,1e-05,0.5232273838630807,0.5185024279142288
289,all_bn,vggish,2048,0.0,adamax,0.001,0.5179881243450926,0.5083265553504119
290,all_bn,vggish,1024,0.5,adamax,1e-05,0.5092560251484457,0.5040444102975309
291,all_bn,vggish,512,0.2,adamax,0.0001,0.5218302479916171,0.516639003950929
292,all_bn,vggish,512,0.5,adamax,0.0001,0.5232273838630807,0.5184058565498584
293,all_bn,vggish,1024,0.5,adamax,0.001,0.49318896262661543,0.47827048188363785
294,all_bn,vggish,1024,0.0,adam,0.001,0.5144952846664338,0.5119648399969419
295,all_bn,vggish,1024,0.5,adam,0.0001,0.5089067411805798,0.5037903708438304
296,all_bn,vggish,1024,0.5,adam,0.001,0.5068110373733845,0.5036981675596965
297,all_bn,vggish,1024,0.2,adamax,0.001,0.5064617534055187,0.4943643237257866
298,all_bn,vggish,1024,0.0,adamax,1e-05,0.511002444987775,0.507046545082839
299,all_bn,vggish,1024,0.0,adam,0.0001,0.5043660495983234,0.5030809496073725
300,all_bn,vggish,512,0.5,adamax,0.0001,0.5256723716381418,0.5240639007746805
301,all_bn,vggish,1024,0.0,adamax,1e-05,0.5029689137268599,0.4980866290469371
302,all_bn,vggish,512,0.2,adamax,1e-05,0.5068110373733845,0.5012851989523873
303,all_bn,vggish,1024,0.2,adamax,0.0001,0.5277680754453371,0.5273324780175814
304,all_bn,vggish,2048,0.0,adam,0.001,0.4767726161369193,0.47809614397547495
305,all_bn,vggish,2048,0.2,adamax,0.001,0.5120502968913727,0.5079243634397722
306,all_bn,vggish,512,0.0,adamax,0.001,0.5043660495983234,0.49306351266041953
307,all_bn,vggish,512,0.0,adam,0.0001,0.5235766678309466,0.5082174572270893
308,all_bn,vggish,2048,0.5,adamax,0.0001,0.5120502968913727,0.5089952201951556
309,all_bn,vggish,512,0.5,adam,1e-05,0.5235766678309466,0.5184633708663601
310,all_bn,yamnet,2048,0.2,adam,0.001,0.3893704850361197,0.3692450752645441
311,all_bn,yamnet,4096,0.0,adam,0.0001,0.38710010319917443,0.36566190070295573
312,all_bn,yamnet,4096,0.5,adam,1e-05,0.38864809081527346,0.38468284741369946
313,all_bn,yamnet,4096,0.5,adamax,0.001,0.3942208462332301,0.38519804036480493
314,all_bn,yamnet,4096,0.2,adamax,0.0001,0.3847265221878225,0.3785138275824495
315,all_bn,yamnet,4096,0.2,adamax,0.0001,0.3991744066047472,0.38962806347388224
316,all_bn,yamnet,2048,0.2,adamax,0.001,0.3931888544891641,0.3818697766752096
317,all_bn,yamnet,2048,0.2,adam,1e-05,0.39040247678018575,0.3710484279741658
318,all_bn,yamnet,2048,0.0,adamax,1e-05,0.3953560371517028,0.3856990707420449
319,all_bn,yamnet,4096,0.2,adam,0.0001,0.3914344685242518,0.37252008855603586
320,all_bn,yamnet,2048,0.5,adam,0.001,0.3934984520123839,0.37364085978658973
321,all_bn,yamnet,2048,0.5,adamax,0.0001,0.3863777089783282,0.3864222379538938
322,all_bn,yamnet,4096,0.2,adamax,0.001,0.3891640866873065,0.3712492430212002
323,all_bn,yamnet,4096,0.5,adam,0.0001,0.38421052631578945,0.35707048146154047
324,all_bn,yamnet,4096,0.2,adam,0.001,0.3764705882352941,0.35415474041643663
325,all_bn,yamnet,4096,0.5,adamax,1e-05,0.39442724458204337,0.38666649400383796
326,all_bn,yamnet,2048,0.2,adam,0.001,0.3816305469556244,0.37371543156913634
327,all_bn,yamnet,4096,0.0,adamax,0.0001,0.3830753353973168,0.3729972852176808
328,all,vggish,512,0.2,adamax,0.0001,0.4990825688073395,0.4956062223525812
329,all,vggish,1024,0.0,adam,1e-05,0.5007762879322513,0.49794558884146434
330,all,vggish,1024,0.5,adam,0.001,0.47974594213126326,0.4714174050124185
331,all,vggish,1024,0.0,adamax,0.001,0.4985179957657022,0.49978371440811503
332,all,vggish,2048,0.5,adam,0.001,0.4940014114326041,0.48083483135140104
333,all,vggish,1024,0.5,adamax,0.0001,0.5054340155257586,0.5011777727885474
334,all,vggish,1024,0.2,adamax,0.0001,0.5041637261820748,0.5002588428763017
335,all,vggish,1024,0.2,adam,0.001,0.49710656316160906,0.49351627349167065
336,all,vggish,512,0.2,adam,1e-05,0.5075511644318984,0.5030681662598236
337,all,vggish,1024,0.2,adam,1e-05,0.5038814396612562,0.49914269995116534
338,all,vggish,2048,0.2,adamax,1e-05,0.5010585744530699,0.4967824823605044
339,all,vggish,2048,0.0,adamax,0.0001,0.5052928722653494,0.49963397989798275
340,all,vggish,1024,0.2,adam,0.0001,0.5048694424841214,0.49440765166805695
341,all,vggish,1024,0.2,adamax,1e-05,0.49061397318278055,0.4852728882522821
342,all,vggish,1024,0.5,adam,0.0001,0.5086803105151729,0.5061122987605159
343,all,vggish,512,0.2,adamax,1e-05,0.4890613973182781,0.4841061355374615
344,all,vggish,512,0.0,adamax,0.001,0.5021877205363444,0.4976051113261843
345,all,vggish,2048,0.2,adam,0.0001,0.49992942836979537,0.4923964744241221
346,all,vggish,2048,0.2,adamax,0.0001,0.502470007057163,0.498286117287274
347,all,vggish,512,0.0,adam,0.001,0.48694424841213835,0.4753915439529032
348,all,vggish,2048,0.5,adam,0.001,0.49781227946365564,0.4851836677307513
349,all,vggish,1024,0.0,adam,0.0001,0.5037402964008468,0.49644408209866026
350,all,yamnet,2048,0.0,adam,0.0001,0.40039070618063927,0.393094600017546
351,all,yamnet,2048,0.5,adam,0.001,0.3966499023234548,0.38530695642932056
352,all,yamnet,4096,0.5,adam,0.001,0.38896047217257573,0.3776784273675622
353,all,yamnet,2048,0.5,adamax,0.001,0.3899164553805229,0.38097194775563753
354,all,yamnet,4096,0.0,adam,0.0001,0.3818113803566233,0.3705661256431018
355,all,yamnet,2048,0.2,adam,0.0001,0.397647450018704,0.39591723795115713
356,all,yamnet,4096,0.5,adamax,0.001,0.40022444823143105,0.39499036817559263
357,all,yamnet,4096,0.0,adamax,0.0001,0.3912880834614905,0.3840763946557674
358,all,yamnet,2048,0.0,adamax,0.001,0.3903736647408454,0.38090041195598445
359,all,yamnet,4096,0.0,adam,0.001,0.38970863294401265,0.3759949575518584
360,all,yamnet,2048,0.5,adamax,1e-05,0.3805228812502598,0.3754417337312053
361,all,yamnet,4096,0.2,adamax,0.0001,0.39307535641547864,0.3856671564406593
362,all,yamnet,4096,0.5,adamax,0.0001,0.3855937487011098,0.3710033713077606
363,all,yamnet,4096,0.2,adamax,0.001,0.402718317469554,0.39626486450393555
364,all,yamnet,4096,0.2,adamax,1e-05,0.3850118458788811,0.3803675686536001
365,all,yamnet,4096,0.2,adam,1e-05,0.38709007024398356,0.38382444776565255
366,all,yamnet,4096,0.5,adam,1e-05,0.38787979550272245,0.3831403165657907
367,all,yamnet,4096,0.5,adam,0.0001,0.3990606425869737,0.3936656175593255
